id,timestamp,symbol,price,volume,volatility,rsi,macd,bollinger_position,market_cap,pe_ratio,volume_profile,price_momentum,liquidity_ratio,order_book_imbalance,cross_correlation,sector_beta,vwap_deviation,time_of_day_factor,is_anomaly,anomaly_type,anomaly_reason_1,anomaly_reason_2,anomaly_reason_3
trade_000000,2025-06-09 06:39:12,META,207.04,10949,0.3295,57.77,1.949,0.6034,268094499808,31.2,1.0525,-0.0037,0.7624,0.0852,0.3068,0.9511,0.0043,1.0818,0,,,,
trade_000001,2025-06-11 21:39:23,PFE,414.92,48187,0.3626,39.46,-0.3489,0.5729,27210590375,10.51,0.9565,-0.0182,0.7451,0.0001,0.301,0.9384,0.002,0.8425,0,,,,
trade_000002,2025-05-25 11:33:28,NVDA,228.77,48511,0.2196,55.54,0.8166,0.7806,970369931108,16.7,1.1596,-0.0245,0.7505,-0.057,0.62,1.3886,-0.0057,0.8385,0,,,,
trade_000003,2025-06-13 19:04:07,PG,103.21,3355,0.2156,48.8,1.6247,0.6642,966352574432,19.09,1.1775,0.0037,0.6869,-0.0694,0.5282,1.0375,0.0053,1.211,0,,,,
trade_000004,2025-05-27 06:18:37,NFLX,416.04,16343,0.1081,52.94,1.5489,0.2517,941346723524,28.37,1.074,-0.0204,0.9987,0.0885,0.4385,1.1879,-0.0025,0.9372,0,,,,
trade_000005,2025-05-28 15:32:17,PFE,455.04,40632,0.296,64.72,-1.634,0.3658,8215700302,34.4,0.8157,0.0123,0.9651,-0.0861,0.4086,0.8411,-0.0056,0.7958,0,,,,
trade_000006,2025-05-24 16:01:45,JNJ,271.83,48191,0.3649,47.69,1.2729,0.5816,237679885830,29.81,1.0363,0.0185,0.6639,-0.0388,0.5051,0.8355,0.0158,1.0896,0,,,,
trade_000007,2025-06-09 04:12:15,KO,357.84,47565,0.2055,51.17,0.7606,0.3506,556059414889,25.82,1.0782,-0.0073,0.5417,-0.0777,0.4187,0.83,-0.0119,1.2529,0,,,,
trade_000008,2025-06-22 21:52:06,PFE,300.6,49064,0.2859,30.4,0.8761,0.7594,713220741647,38.93,0.9666,0.0314,0.8392,-0.046,0.6946,0.946,-0.0122,1.2647,0,,,,
trade_000009,2025-05-30 11:27:03,TSLA,398.19,35322,0.1364,66.69,-1.0212,0.5698,371685379124,27.82,0.8047,0.0031,0.6373,0.0601,0.5497,1.3474,-0.019,0.8743,0,,,,
trade_000010,2025-06-09 12:21:36,META,87.54,40693,0.1397,56.87,-1.126,0.6136,461332461191,13.27,1.0697,-0.0363,0.816,-0.034,0.6158,1.2325,0.0079,1.1412,0,,,,
trade_000011,2025-06-14 17:57:09,JNJ,137.31,6944,0.2658,61.48,-0.0525,0.2621,236069812436,14.82,1.1945,0.0356,0.8104,-0.0116,0.4862,1.0124,0.019,1.1555,0,,,,
trade_000012,2025-05-26 18:43:38,WMT,349.36,28884,0.2302,59.03,0.0274,0.4475,274933869666,21.35,0.8327,0.0472,0.9774,-0.0676,0.4976,1.104,-0.0171,1.12,0,,,,
trade_000013,2025-06-11 16:50:07,AMZN,191.87,45510,0.1703,41.56,-0.306,0.2387,395823859613,37.41,0.8724,0.0306,0.8369,-0.077,0.4626,1.0679,-0.0059,0.9615,0,,,,
trade_000014,2025-05-25 10:03:05,PFE,124.82,49236,0.1598,34.56,1.1708,0.7424,155629393270,15.22,0.9502,0.017,0.961,-0.0712,0.3685,1.386,-0.0157,0.843,0,,,,
trade_000015,2025-06-18 21:35:01,PFE,409.91,7765,0.114,31.98,-1.1696,0.3276,466217461808,24.09,0.9926,0.0032,0.9808,-0.0923,0.3578,0.8295,0.0137,1.2824,0,,,,
trade_000016,2025-06-04 09:43:10,XOM,106.94,41132,0.3677,59.6,-0.0789,0.7907,487138457275,10.12,1.0158,-0.0061,0.7569,0.006,0.417,0.83,-0.0162,0.746,0,,,,
trade_000017,2025-05-26 22:47:14,META,328.5,2282,0.2869,64.78,0.9195,0.7111,300733522858,33.72,1.1705,-0.0424,0.8429,0.0771,0.5567,1.086,0.0109,1.0802,0,,,,
trade_000018,2025-06-15 08:29:44,JPM,395.68,22455,0.2013,67.03,-0.9803,0.4914,369970225944,38.36,0.8532,0.0367,0.8865,-0.0798,0.4854,0.918,0.0027,1.0521,0,,,,
trade_000019,2025-05-30 11:54:20,NFLX,168.68,28462,0.2309,44.63,0.2174,0.7745,528474342274,36.25,1.1028,-0.0155,0.6775,0.0325,0.3798,1.2771,-0.0039,0.8321,0,,,,
trade_000020,2025-06-09 13:27:41,KO,344.06,33949,0.1419,54.6,-0.0061,0.4794,422054617816,25.48,0.9689,0.0306,0.5207,0.003,0.4632,1.2739,0.0028,0.8671,0,,,,
trade_000021,2025-06-18 23:18:56,GOOGL,371.75,26995,0.3498,36.04,-1.5271,0.2379,606637335500,17.79,1.1289,-0.0357,0.9355,-0.0169,0.4319,1.2611,-0.0149,1.283,0,,,,
trade_000022,2025-06-14 00:49:30,PG,140.29,1870,0.3759,42.95,-0.3203,0.3776,402593438227,17.77,0.9385,-0.0005,0.6524,0.0487,0.3521,1.0035,0.0132,1.0513,0,,,,
trade_000023,2025-06-09 18:51:33,WMT,141.31,50051,0.3846,50.65,-0.1002,0.6691,978862186981,29.81,1.094,-0.0387,0.9761,-0.0431,0.4529,1.3592,-0.0076,1.0116,0,,,,
trade_000024,2025-06-21 01:52:51,GOOGL,207.91,14553,0.178,36.13,1.8828,0.3493,756810681707,32.81,0.9549,0.0177,0.5355,-0.0859,0.6505,1.1971,0.0067,1.1649,0,,,,
trade_000025,2025-05-27 23:35:35,AMZN,50.22,7147,0.364,67.32,0.5632,0.3362,469584801537,16.67,0.9116,0.0271,0.8174,-0.0356,0.331,1.2988,0.0048,0.8812,0,,,,
trade_000026,2025-06-09 13:31:03,PG,192.2,9373,0.2557,37.36,0.8978,0.4036,159821303610,24.26,0.9834,0.0245,0.6363,0.0701,0.4323,1.3962,0.0152,0.8408,0,,,,
trade_000027,2025-06-05 16:23:09,GOOGL,56.1,29849,0.2752,57.95,0.8534,0.5702,498036293711,32.08,0.8344,0.0045,0.7605,-0.0549,0.5705,1.3781,-0.0086,0.8212,0,,,,
trade_000028,2025-06-13 04:11:28,NVDA,197.7,2554,0.3747,41.25,0.3829,0.2216,517729137423,36.93,1.1042,-0.0397,0.5168,-0.0396,0.6574,1.3709,-0.018,1.0701,0,,,,
trade_000029,2025-06-01 18:45:50,AMZN,85.67,18245,0.2629,54.69,-1.1038,0.2075,458720180214,30.12,0.9127,-0.015,0.8013,0.0202,0.6068,1.1284,-0.0185,0.729,0,,,,
trade_000030,2025-05-29 19:26:21,AAPL,63.82,8037,0.256,59.0,1.1784,0.3572,881363796939,39.69,1.1028,0.0281,0.7846,-0.0447,0.3665,1.1764,-0.0049,1.0453,0,,,,
trade_000031,2025-06-13 02:47:39,AMZN,428.39,14756,0.3877,58.89,-0.522,0.3674,559663283822,38.08,0.999,-0.0472,0.772,-0.031,0.3394,1.1367,0.0111,1.0047,0,,,,
trade_000032,2025-06-17 15:29:41,JNJ,402.96,49676,0.2821,33.04,-1.0298,0.3244,680211459103,17.77,1.0594,-0.0125,0.9536,-0.0822,0.5847,0.9226,-0.0128,0.8542,0,,,,
trade_000033,2025-05-24 02:12:34,JPM,127.3,4015,0.1286,32.59,-1.0313,0.5937,357885442629,19.83,1.0274,-0.0471,0.7004,-0.0973,0.3023,0.8926,0.0094,1.2599,0,,,,
trade_000034,2025-06-21 19:22:42,KO,405.65,13518,0.1097,52.57,0.379,0.4788,337602445229,15.53,1.0544,0.0284,0.743,-0.0906,0.43,0.8338,-0.006,1.0113,0,,,,
trade_000035,2025-05-30 07:48:58,AMZN,114.08,28107,0.3259,31.52,1.9738,0.6569,378194666426,26.72,1.1446,-0.0243,0.5574,-0.0521,0.4139,1.2087,0.0139,1.1783,0,,,,
trade_000036,2025-06-01 01:44:32,META,132.77,36094,0.1723,50.48,1.0527,0.3566,598655212397,37.7,0.911,-0.0113,0.6697,0.0093,0.3641,1.3322,-0.014,1.2385,0,,,,
trade_000037,2025-06-04 03:38:03,XOM,248.8,567618,0.36795,39.22,-1.7981,0.2295,151886093998,20.5,1.1566,-0.0439,0.20193,0.0293,0.4098,1.2861,0.0131,1.1433,1,volume_surge,Massive volume surge: 19.4x normal volume,"Total volume: 567,618 shares",Liquidity strain detected
trade_000038,2025-05-25 06:33:35,META,121.62,956503,0.4707,58.7,1.2935,0.2965,717141155599,38.76,0.9327,-0.0184,0.17099999999999999,0.0575,0.3481,1.0058,-0.0147,1.0494,1,volume_surge,Massive volume surge: 21.2x normal volume,"Total volume: 956,503 shares",Liquidity strain detected
trade_000039,2025-06-19 08:25:50,XOM,406.11,17673,0.2584,43.23,-0.5747,0.3515,843316146671,23.08,1.1302,0.0316,0.685,-0.0035,0.4073,1.0043,-0.0127,1.0109,0,,,,
trade_000040,2025-06-08 04:46:43,GOOGL,167.42,11531,0.3098,62.8,-0.4301,0.314,344733466871,30.68,0.9272,0.0285,0.527,0.0958,0.36,1.3902,-0.005,1.0341,0,,,,
trade_000041,2025-06-22 09:09:26,PFE,99.73,44507,0.3454,45.12,-1.878,0.2437,296221651625,13.06,1.0375,-0.0046,0.9762,0.0878,0.3484,1.267,-0.0075,1.0428,0,,,,
trade_000042,2025-06-14 08:03:48,GOOGL,370.8,6413,0.2083,59.82,0.6598,0.3178,402919069434,37.03,0.9749,0.0407,0.9239,-0.0449,0.3356,0.9299,-0.0051,0.9291,0,,,,
trade_000043,2025-06-21 21:47:56,TSLA,345.4,38739,0.2844,30.81,1.7021,0.758,139070158370,15.46,0.9031,-0.0025,0.6543,-0.0398,0.6493,1.3609,0.0138,0.8472,0,,,,
trade_000044,2025-06-21 01:03:26,JPM,449.16,29723,0.1502,39.66,0.0999,0.37,956525809194,15.62,1.1804,0.0324,0.6683,-0.0777,0.5247,1.2939,-0.0152,0.7026,0,,,,
trade_000045,2025-05-24 21:47:19,META,92.19,50472,0.2711,57.15,1.1118,0.687,496120941369,14.64,0.8697,0.0152,0.9079,0.0565,0.6298,1.2453,-0.0124,0.9364,0,,,,
trade_000046,2025-06-07 22:25:00,WMT,352.19,2557,0.1117,41.47,1.1243,0.3765,154695883935,36.12,1.1974,-0.043,0.5263,-0.0418,0.439,1.2505,0.0043,0.9353,0,,,,
trade_000047,2025-05-25 07:19:50,BAC,105.94,42895,0.3693,31.12,-0.3077,0.7998,896214095535,29.18,0.914,-0.013,0.6703,0.0848,0.3255,0.9005,0.0083,0.7743,0,,,,
trade_000048,2025-06-22 21:08:04,PG,57.16,14591,0.2256,57.76,1.1284,0.4002,257948623234,38.3,0.8726,-0.0473,0.7371,0.0213,0.3609,1.0239,0.0071,1.2685,0,,,,
trade_000049,2025-06-04 05:45:27,PFE,165.13,6948,0.1514,46.94,-0.6712,0.4063,896509262502,39.95,1.0385,0.0352,0.7546,-0.0186,0.3963,0.9782,-0.0184,1.2547,0,,,,
trade_000050,2025-06-16 22:31:36,META,284.38,26388,0.2362,64.97,-0.9991,0.343,857194782395,27.74,1.1697,-0.048,0.83,-0.0159,0.3083,0.986,0.0169,0.8781,0,,,,
trade_000051,2025-06-09 18:06:19,PG,59.82,47923,0.1911,47.97,-0.1058,0.324,916342922711,26.61,1.1995,-0.03,0.8176,0.0054,0.61,1.0859,-0.0098,0.8466,0,,,,
trade_000052,2025-06-11 04:29:46,JNJ,308.92,47099,0.1994,65.54,-1.1243,0.4888,491556480500,30.43,0.8052,-0.0452,0.8544,0.0425,0.5678,0.9185,0.0174,0.732,0,,,,
trade_000053,2025-05-25 22:08:52,AAPL,266.11,6282,0.3554,67.64,1.5696,0.4168,137778892397,11.43,0.9872,-0.022,0.649,0.0485,0.3826,1.3961,0.008,0.9742,0,,,,
trade_000054,2025-06-03 14:17:01,KO,103.77,45289,0.285,52.23,-0.4295,0.3632,875944289026,34.16,0.9993,-0.023,0.8083,0.0485,0.35,1.2582,-0.0113,0.7741,0,,,,
trade_000055,2025-06-18 14:19:40,MSFT,120.17,35931,0.1846,53.56,1.4777,0.404,524513822349,34.53,1.156,0.0256,0.7054,0.0814,0.6743,1.3318,0.0158,0.9926,0,,,,
trade_000056,2025-05-24 04:42:40,NFLX,72.9,42184,0.2535,64.5,1.7425,0.4261,576360576574,29.19,1.0193,-0.0301,0.9282,0.0631,0.5096,1.1879,0.0091,0.9692,0,,,,
trade_000057,2025-06-09 14:05:41,WMT,99.86,32105,0.1067,67.98,0.3332,0.6091,406771975131,33.01,1.1365,-0.0408,0.5315,-0.0523,0.6219,1.0991,-0.0085,0.7448,0,,,,
trade_000058,2025-06-13 23:40:26,JNJ,305.25,13513,0.2992,36.66,1.0693,0.6897,647361311949,20.66,1.045,0.0453,0.5771,0.0775,0.6211,0.8415,-0.0088,0.8162,0,,,,
trade_000059,2025-06-20 18:00:54,KO,187.86,29099,0.3647,63.1,-1.2899,0.5699,887438579048,18.6,0.8104,-0.0495,0.7187,0.0714,0.4094,1.1365,0.0147,1.2497,0,,,,
trade_000060,2025-06-19 17:21:53,AMZN,442.98,42880,0.3646,45.52,-0.9717,0.209,502390690449,20.61,0.8437,-0.0135,0.88,0.0738,0.397,0.9478,-0.005,0.7355,0,,,,
trade_000061,2025-05-24 05:46:08,MSFT,353.87,14992,0.3668,46.39,0.992,0.783,631595713037,26.21,1.0358,-0.02,0.5904,0.0304,0.6728,1.3305,0.0088,1.0336,0,,,,
trade_000062,2025-06-04 17:03:45,WMT,72.73,2457,0.2625,68.67,-0.2571,0.5728,98253053340,21.61,1.1108,0.049,0.8978,-0.0948,0.6207,1.3102,0.0134,1.0129,0,,,,
trade_000063,2025-06-14 12:39:14,JNJ,422.56,30594,0.2671,36.01,1.6217,0.3978,128183132745,38.72,0.8651,-0.0483,0.7805,0.0553,0.5168,1.0469,-0.0015,0.9876,0,,,,
trade_000064,2025-05-24 01:44:08,JNJ,370.16,1446,0.1333,40.78,0.5239,0.3054,630731306817,22.27,1.0824,0.0022,0.0648131492756542,0.47485677034365176,0.535,1.225,-0.027789323072626923,0.9246,1,liquidity_crisis,Liquidity crisis: ratio 0.065,Order book imbalance: 47.5%,"Low volume: 1,446 shares"
trade_000065,2025-06-12 22:06:54,PG,102.93,36152,0.3604,39.2,1.0958,0.7883,924027081099,29.04,1.1413,-0.0234,0.9805,-0.0828,0.522,0.9015,0.0175,1.1365,0,,,,
trade_000066,2025-06-20 17:21:38,MSFT,381.78,13980,0.3801,30.87,-0.9447,0.611,312032622849,34.34,0.9243,-0.0308,0.52,-0.0702,0.5684,0.9157,0.0148,0.9543,0,,,,
trade_000067,2025-06-20 02:08:31,AMZN,346.19,8616,0.3468,38.89,1.4678,0.7717,680093582917,22.3,0.956,0.0331,0.8775,0.0919,0.5206,0.8559,0.0002,1.0468,0,,,,
trade_000068,2025-06-14 07:02:36,AMZN,150.59,46950,0.2883,39.78,-0.7654,0.7944,509987998332,26.84,1.1362,-0.0433,0.9246,-0.0741,0.4978,1.3729,-0.0133,0.7431,0,,,,
trade_000069,2025-06-11 13:19:16,MSFT,343.27,22128,0.1055,58.25,-0.1862,0.6288,458697270079,25.97,0.8807,-0.0413,0.8661,0.0327,0.6331,1.0929,-0.0013,0.9105,0,,,,
trade_000070,2025-06-21 05:48:45,PFE,327.38,37715,0.1803,35.22,1.0118,0.5906,755934536354,15.58,1.1621,0.0058,0.8547,-0.015,0.3546,1.0728,-0.0079,1.2303,0,,,,
trade_000071,2025-06-05 12:27:04,KO,257.75,664055,0.2592,40.27,0.6077,0.4959,743124822424,26.11,1.118,0.046,0.18422999999999998,0.0318,0.527,1.1277,0.0017,0.8833,1,volume_surge,Massive volume surge: 19.3x normal volume,"Total volume: 664,055 shares",Liquidity strain detected
trade_000072,2025-05-31 04:02:38,JPM,415.88,38684,0.3005,67.6,-0.7198,0.3498,635480765438,39.92,0.8502,-0.0326,0.7851,-0.0501,0.3228,1.2242,0.0165,0.7672,0,,,,
trade_000073,2025-06-19 16:25:17,AAPL,192.88,50361,0.3146,60.86,0.7797,0.7504,858529580202,16.0,1.0045,-0.0303,0.8765,0.0846,0.3419,1.2071,-0.0087,1.1197,0,,,,
trade_000074,2025-06-01 15:51:56,NVDA,440.23,28879,0.127,43.43,0.1193,0.7425,160994876441,14.38,1.0299,-0.016,0.5829,-0.0552,0.3924,1.3691,0.0189,0.7206,0,,,,
trade_000075,2025-06-18 15:20:54,MSFT,124.3,12122,0.3138,67.1,0.0674,0.35,659443902439,11.01,1.1368,-0.0401,0.6049,0.0316,0.3035,1.2232,-0.0044,0.7585,0,,,,
trade_000076,2025-05-28 17:48:02,NFLX,373.09,21238,0.3485,44.47,-1.7136,0.7809,369215239770,18.51,0.9253,0.0431,0.8843,-0.0975,0.6303,0.9034,-0.0139,1.2502,0,,,,
trade_000077,2025-05-26 19:45:10,XOM,393.71,13688,0.3542,47.09,-0.8335,0.7534,47306304405,20.03,0.9465,-0.0182,0.6994,-0.0354,0.5667,1.296,-0.0026,0.8913,0,,,,
trade_000078,2025-06-13 16:43:45,BAC,95.89,33834,0.3637,48.94,0.8088,0.7014,537540427518,37.86,1.0015,-0.0067,0.9576,-0.087,0.5123,0.8898,0.0184,0.8687,0,,,,
trade_000079,2025-06-18 10:29:36,AMZN,229.38,28976,0.1988,40.38,1.9864,0.6517,427399708306,37.19,1.0328,0.0051,0.8888,0.0263,0.6263,0.8079,0.0006,1.0152,0,,,,
trade_000080,2025-06-05 02:34:20,NFLX,460.99,12126,0.2309,47.41,-0.0155,0.7972,456170869894,30.39,0.9607,-0.005,0.5552,-0.0796,0.6544,1.2322,-0.0162,0.9508,0,,,,
trade_000081,2025-06-14 15:08:09,WMT,277.01,227211,0.7132,30.8,-0.7562,0.3298,275388942453,14.15,0.9203,0.0163,0.8712,-0.0265,0.4264,0.8366,-0.0007,0.7746,1,price_spike,Extreme price spike: 74.9% increase,"Volume surge accompanying price movement: 227,211 shares",Volatility spike detected
trade_000082,2025-06-14 22:19:17,PFE,250.36,14544,0.1317,30.96,-0.9824,0.6168,544898240752,19.84,1.1035,-0.0122,0.6214,-0.024,0.5118,0.9625,-0.002,0.7712,0,,,,
trade_000083,2025-06-04 17:32:23,KO,142.47,16526,0.116,39.92,1.4792,0.3655,857050697005,18.34,1.0473,-0.0424,0.774,-0.0895,0.3262,1.0365,-0.0069,1.1574,0,,,,
trade_000084,2025-05-28 05:04:42,NFLX,141.14,43607,0.1914,42.84,-0.6864,0.3324,973873706134,10.85,0.929,0.0107,0.8118,-0.0313,0.6501,1.0324,-0.0181,0.9782,0,,,,
trade_000085,2025-05-30 00:06:24,JPM,80.94,24013,0.2683,49.22,-0.3109,0.3826,329693730460,33.67,0.9093,0.0325,0.962,0.0623,0.5092,0.8973,-0.0115,1.1367,0,,,,
trade_000086,2025-06-22 18:59:28,NVDA,174.21,2986,0.2697,62.76,-1.6836,0.4589,686936746424,34.8,0.9731,-0.0429,0.8166,0.0586,0.6746,1.254,-0.0137,0.9711,0,,,,
trade_000087,2025-06-18 12:21:37,GOOGL,113.36,46386,0.2663,41.28,-0.6321,0.3989,566566830275,18.61,0.9879,-0.043,0.672,0.0189,0.5162,0.9982,0.0105,1.2543,0,,,,
trade_000088,2025-06-05 18:46:16,TSLA,133.91,47227,0.2406,48.99,0.4304,0.4914,116112390793,21.02,1.009,-0.0399,0.6681,0.0143,0.4341,0.8359,-0.0071,1.1732,0,,,,
trade_000089,2025-05-25 23:24:39,JPM,337.12,18127,0.3587,65.04,-1.8405,0.719,779458713478,13.75,0.8007,0.0123,0.8951,-0.0491,0.327,1.1066,-0.0027,1.222,0,,,,
trade_000090,2025-06-06 08:00:16,XOM,153.73,6393,0.3339,46.84,1.4256,0.6408,346060747470,12.96,1.0301,-0.0334,0.7007,-0.043,0.5492,1.2706,0.0092,1.2063,0,,,,
trade_000091,2025-05-29 02:45:08,MSFT,459.31,49971,0.2695,54.41,1.115,0.3477,442659127373,28.9,0.8486,0.0056,0.8661,0.0421,0.434,1.1667,0.004,0.9773,0,,,,
trade_000092,2025-05-29 07:55:12,META,313.86,28754,0.3731,55.6,1.9035,0.2559,956566691349,24.61,1.0528,-0.0022,0.7593,0.0071,0.6692,1.0752,0.0155,0.8238,0,,,,
trade_000093,2025-06-18 16:56:12,KO,88.05,45067,0.398,40.31,-1.5164,0.4232,109811064280,36.13,1.0285,-0.0494,0.6016,0.0356,0.4081,1.236,-0.0068,1.0683,0,,,,
trade_000094,2025-06-17 14:09:29,TSLA,386.73,39163,0.3292,33.33,-1.1285,0.605,991655340851,28.63,1.0695,-0.0045,0.5577,0.0306,0.368,0.9026,-0.0135,1.1527,0,,,,
trade_000095,2025-06-15 02:25:13,JNJ,331.01,36955,0.1385,53.02,0.6067,0.6106,376311894766,38.28,1.1612,0.0257,0.5851,-0.0785,0.5631,0.9292,0.0052,1.1801,0,,,,
trade_000096,2025-06-05 05:30:54,PG,216.21,16530,0.1969,41.97,-1.4491,0.2673,204521094462,17.96,1.1075,0.0429,0.985,0.0625,0.3417,0.9484,0.0116,0.7135,0,,,,
trade_000097,2025-05-26 21:53:52,BAC,256.15,37542,0.2869,59.73,1.9634,0.797,533408667159,15.36,0.8379,-0.0357,0.8006,-0.0274,0.5586,1.2843,-0.0048,1.06,0,,,,
trade_000098,2025-06-19 03:24:40,JNJ,423.31,50482,0.289,36.4,1.2893,0.5297,103443301321,28.24,1.105,0.0291,0.8778,0.0446,0.6996,0.9299,0.0073,0.7058,0,,,,
trade_000099,2025-05-31 00:41:50,NVDA,116.12,39853,0.3528,52.4,0.8215,0.3213,221561435397,31.54,1.016,0.0254,0.719,-0.0286,0.4224,0.9235,-0.001,0.7904,0,,,,
trade_000100,2025-05-24 04:33:39,TSLA,423.01,8835,0.2213,35.88,-1.0971,0.3287,672304275234,26.42,0.8037,0.034,0.5298,-0.0984,0.41,1.2966,-0.0147,0.8761,0,,,,
trade_000101,2025-06-18 21:45:53,META,215.36,47844,0.3765,61.63,-1.9012,0.4231,303085184633,37.15,1.0771,0.044,0.5406,-0.052,0.4641,0.8607,0.0149,0.7173,0,,,,
trade_000102,2025-06-02 14:19:27,AMZN,415.82,24021,0.2858,40.81,0.4803,0.3322,116463136697,29.71,0.8252,-0.0479,0.9736,0.0373,0.451,0.965,0.0151,1.1064,0,,,,
trade_000103,2025-05-29 14:55:08,MSFT,190.14,38708,0.3548,37.9,0.1515,0.4185,622799232885,22.57,1.1512,-0.0013,0.6166,-0.0752,0.4595,1.1946,0.0131,0.8948,0,,,,
trade_000104,2025-06-06 07:03:54,XOM,181.39,26646,0.1884,61.7,0.6808,0.5884,640771414134,30.1,1.0511,0.0016,0.7564,-0.0231,0.6073,1.3445,0.0159,0.7235,0,,,,
trade_000105,2025-06-04 03:23:10,META,355.32,44684,0.2819,60.25,1.8074,0.653,646251487788,18.62,1.1355,0.0116,0.5822,-0.0723,0.5761,1.083,0.0064,1.1085,0,,,,
trade_000106,2025-05-28 06:48:46,PFE,261.7,14355,0.3173,53.88,-1.8477,0.7739,544255298676,17.37,1.0398,0.0001,0.816,-0.0801,0.6206,1.0912,0.0175,0.849,0,,,,
trade_000107,2025-05-24 06:11:55,NVDA,325.22,1605,0.282,55.08,0.8905,0.3638,417566220014,25.65,1.0596,0.0492,0.7031,-0.0273,0.3388,1.3594,0.0115,1.1165,0,,,,
trade_000108,2025-06-22 03:30:26,PFE,241.55,27340,0.2129,37.72,-0.5874,0.5517,907290250378,17.12,0.8958,-0.0141,0.7785,0.0218,0.6421,1.2704,-0.0011,1.1235,0,,,,
trade_000109,2025-06-13 04:51:17,PG,433.37,3264,0.1247,48.45,0.0539,0.7613,401288587007,35.51,1.1212,0.0465,0.5808,0.0611,0.3056,1.2871,0.003,1.1119,0,,,,
trade_000110,2025-05-29 10:24:07,XOM,271.48,10220,0.2582,43.42,1.8711,0.4574,438008996556,18.26,1.0029,0.0334,0.9248,0.0836,0.4558,1.2946,-0.0058,1.074,0,,,,
trade_000111,2025-05-28 11:24:10,KO,172.78,46653,0.3593,50.43,1.5674,0.3501,267024079202,12.16,1.1874,0.0326,0.7007,0.0558,0.407,1.0167,0.0051,1.2088,0,,,,
trade_000112,2025-06-09 07:28:50,KO,247.35,31634,0.3132,34.4,1.8222,0.2468,1772687872,25.59,0.8921,-0.0023,0.5283,0.0825,0.6349,1.0605,0.0154,0.7894,0,,,,
trade_000113,2025-05-29 04:08:37,PG,346.14,3576,0.1888,68.1,0.9093,0.4998,751052172096,25.29,0.8943,-0.0349,0.8672,0.0943,0.4991,1.3896,-0.0007,1.1694,0,,,,
trade_000114,2025-06-11 06:45:21,AAPL,92.64,49725,0.3976,59.79,-0.3416,0.5569,917205101843,37.61,1.191,-0.0159,0.8054,0.0973,0.3425,1.3503,0.0199,1.0662,0,,,,
trade_000115,2025-06-09 17:28:17,MSFT,292.61,34647,0.3684,57.74,1.5867,0.5226,694984637311,24.12,1.003,-0.0302,0.9921,0.03,0.5324,1.1211,0.0172,1.2631,0,,,,
trade_000116,2025-06-03 16:05:53,TSLA,178.04,5461,0.1718,64.64,0.4146,0.5144,901501381166,23.0,1.0096,0.047,0.6101,0.0864,0.3446,1.3689,0.0087,0.7401,0,,,,
trade_000117,2025-06-03 12:04:46,KO,294.13,29073,0.2412,65.03,-0.0248,0.2784,390146365437,30.01,0.8114,0.016,0.7428,0.011,0.5671,1.0924,-0.0078,1.1352,0,,,,
trade_000118,2025-06-06 02:33:27,META,313.49,40114,0.1665,36.93,0.3277,0.539,197425667058,28.14,1.0721,-0.0337,0.6641,-0.024,0.6105,1.3591,0.0197,1.0419,0,,,,
trade_000119,2025-06-18 22:03:55,MSFT,152.31,27330,0.1207,41.86,-1.1289,0.7818,975874889687,18.74,0.9051,0.0409,0.6497,-0.0667,0.4275,1.2086,-0.0158,1.2617,0,,,,
trade_000120,2025-06-08 06:17:27,NVDA,136.75,24468,0.2908,64.82,1.6945,0.4805,255899769846,16.68,0.9483,-0.0233,0.9507,0.0481,0.4264,1.2979,-0.0026,1.1712,0,,,,
trade_000121,2025-06-02 23:33:59,JPM,314.99,35098,0.2116,38.47,-0.8784,0.2276,448622404598,26.81,0.8142,0.0332,0.6111,-0.0714,0.4417,1.0179,-0.0061,0.9844,0,,,,
trade_000122,2025-06-11 17:21:44,GOOGL,382.98,35402,0.3417,35.98,2.9693101301491787,0.346,436682434160,25.32,1.1693,0.1889566043412535,0.9032,0.0882,0.18489574836659894,3.0885666507896468,-0.0003,1.0332,1,momentum_anomaly,Extreme momentum: 18.9%,MACD anomaly: 2.97,Low market correlation: 0.185
trade_000123,2025-05-28 22:07:13,META,418.32,16247,0.3264,45.83,1.4559,0.4441,878496577595,19.78,0.9927,0.0124,0.5268,-0.0873,0.4009,0.8343,0.0063,1.2052,0,,,,
trade_000124,2025-06-05 12:56:43,BAC,124.75,44286,0.1054,40.91,0.319,0.5919,271108281064,10.45,0.8049,0.0017,0.8505,-0.0757,0.6843,0.8924,-0.0008,1.258,0,,,,
trade_000125,2025-06-15 06:46:33,AAPL,207.13,13303,0.1434,62.18,-0.5212,0.5697,906941622029,16.78,1.1967,-0.0177,0.8223,0.0202,0.332,1.2597,-0.0164,1.107,0,,,,
trade_000126,2025-06-03 04:56:38,XOM,200.01,33623,0.2584,32.35,0.1929,0.3884,139492041352,18.3,1.1673,-0.0096,0.752,0.057,0.6361,0.9412,-0.02,1.1002,0,,,,
trade_000127,2025-06-01 00:44:24,KO,202.9,14153,0.3555,34.36,1.9864,0.6852,896311958318,12.96,0.9301,0.0071,0.8264,0.0328,0.6301,1.1338,-0.0184,0.744,0,,,,
trade_000128,2025-06-22 19:32:23,WMT,106.61,10797,0.1679,38.05,-1.3125,0.2031,812603790901,27.04,0.8523,0.0024,0.9783,-0.0772,0.5246,1.0303,-0.002,0.9422,0,,,,
trade_000129,2025-05-26 18:08:56,XOM,90.21,17318,0.2517,59.72,-1.7016,0.7114,747034653233,11.59,0.9253,0.0418,0.9738,-0.0212,0.4199,1.0491,-0.0094,0.9345,0,,,,
trade_000130,2025-05-30 09:56:36,WMT,350.79,17005,0.1973,46.13,0.0636,0.368,954312779460,33.13,1.1779,-0.0368,0.9117,-0.0585,0.6797,1.3307,-0.0185,1.284,0,,,,
trade_000131,2025-06-09 03:26:18,JPM,157.42,29198,0.2967,44.15,-1.1334,0.306,189670695320,12.45,1.1524,0.0495,0.7089,0.043,0.6451,1.3806,-0.0144,1.2543,0,,,,
trade_000132,2025-06-18 07:45:06,NFLX,294.02,18749,0.2596,65.0,-0.4412,0.3099,961708213967,29.5,1.0456,-0.032,0.8465,-0.0227,0.4936,1.3747,-0.0006,1.1759,0,,,,
trade_000133,2025-05-29 20:46:32,AMZN,202.21,43922,0.3803,62.4,-1.1201,0.3202,770553009097,26.49,0.9922,-0.0271,0.879,0.0294,0.659,1.2333,-0.0186,1.1314,0,,,,
trade_000134,2025-05-30 00:22:44,NFLX,342.5,104045,0.7994,32.54,-1.6008,0.2783,994042642363,37.66,1.0883,0.0013,0.9688,-0.0039,0.6416,1.2789,-0.0185,1.2544,1,price_spike,Extreme price spike: 118.7% increase,"Volume surge accompanying price movement: 104,045 shares",Volatility spike detected
trade_000135,2025-06-16 12:55:35,MSFT,600.75,133240,0.5842,51.82,0.0249,0.7981,528527297586,17.91,1.025,0.001,0.5733,-0.0591,0.428,1.2803,-0.0003,1.0498,1,price_spike,Extreme price spike: 169.2% increase,"Volume surge accompanying price movement: 133,240 shares",Volatility spike detected
trade_000136,2025-06-14 00:38:13,JPM,325.94,25453,0.31,47.3,-0.6284,0.4139,912037027037,25.62,0.8406,-0.0434,0.8239,-0.0161,0.4197,1.3522,-0.0105,0.7012,0,,,,
trade_000137,2025-06-12 21:38:47,AMZN,248.41,24262,0.3299,66.09,0.9658,0.4678,665428225246,37.09,1.1114,-0.0324,0.8173,0.0804,0.3053,1.1329,0.0034,1.0998,0,,,,
trade_000138,2025-05-26 20:34:20,JPM,432.76,26315,0.3529,48.66,1.0387,0.7576,700355621074,39.24,0.9894,0.0117,0.6594,0.0651,0.3817,1.2913,0.0102,0.8515,0,,,,
trade_000139,2025-06-12 08:58:29,AAPL,163.13,35891,0.3608,52.72,0.9803,0.7933,284305299011,33.26,0.8005,-0.0083,0.6199,-0.0088,0.5669,0.8539,0.0121,1.084,0,,,,
trade_000140,2025-06-01 03:44:01,TSLA,374.67,21118,0.2447,53.34,-0.0387,0.4359,278145327496,36.99,1.1864,-0.0445,0.6853,-0.0863,0.6455,1.2778,0.0145,0.8138,0,,,,
trade_000141,2025-05-31 16:17:56,MSFT,327.71,47968,0.3343,57.97,1.7287,0.5784,570716313012,31.32,1.1049,-0.0166,0.7649,-0.0473,0.4682,0.9538,0.0032,1.0353,0,,,,
trade_000142,2025-06-18 14:05:30,XOM,302.76,4640,0.3748,36.09,0.1939,0.7125,159056726633,27.27,0.8926,0.0396,0.6124,-0.0026,0.681,1.0191,0.0062,1.1509,0,,,,
trade_000143,2025-06-10 03:08:15,MSFT,210.27,15005,0.1761,47.24,-0.5568,0.3064,764073319437,24.54,0.8212,0.0279,0.5146,0.0643,0.3731,1.2192,0.017,0.9136,0,,,,
trade_000144,2025-06-09 04:46:39,TSLA,256.14,39414,0.3043,54.99,1.7077,0.506,813541124587,33.33,0.9228,0.048,0.911,0.086,0.3611,1.1427,0.0183,0.9184,0,,,,
trade_000145,2025-05-31 03:16:11,JPM,417.48,33716,0.1901,54.81,-1.8372,0.2792,798567853860,38.3,0.8784,0.0217,0.9473,-0.01,0.525,1.348,0.0077,1.091,0,,,,
trade_000146,2025-06-21 20:57:32,AAPL,76.45,9223,0.3239,31.65,0.3357,0.7996,238327865546,16.85,0.981,-0.0372,0.7927,0.0433,0.4467,1.3071,0.0158,0.9327,0,,,,
trade_000147,2025-05-27 07:10:03,TSLA,115.33,27773,0.2002,30.26,-1.1528,0.5389,428330343232,32.09,0.8184,-0.0332,0.794,-0.045,0.3664,0.8824,0.0058,0.7883,0,,,,
trade_000148,2025-06-07 10:42:16,WMT,267.24,29125,0.195,61.18,0.6178,0.7506,93359512556,31.62,1.1435,0.0484,0.727,-0.0379,0.4627,0.9219,0.0002,0.8535,0,,,,
trade_000149,2025-06-18 15:07:43,WMT,67.57,22953,0.2083,57.47,-1.4409759179701211,0.7307,17176614334,23.97,1.1597,-0.04959066112250066,0.9922,0.0577,0.08994605567079203,3.592874824823195,0.0174,0.9496,1,momentum_anomaly,Extreme momentum: -5.0%,MACD anomaly: -1.44,Low market correlation: 0.090
trade_000150,2025-05-30 18:32:22,PG,128.13,10371,0.208,65.57,-0.4935,0.4203,892265101782,21.88,1.1489,0.0412,0.6986,0.0445,0.6728,1.3994,-0.0168,1.2928,0,,,,
trade_000151,2025-06-19 11:57:10,AAPL,343.13,5315,0.7418,45.37,-0.8738,0.626,726931000588,22.86,0.8428,-0.0198,0.8513,-0.0299,0.6925,0.9626,0.0097,1.298,1,price_spike,Extreme price spike: 196.0% increase,"Volume surge accompanying price movement: 5,315 shares",Volatility spike detected
trade_000152,2025-06-05 10:54:41,GOOGL,153.96,4071,0.264,61.25,-0.3395,0.2733,953986067411,19.02,1.0966,-0.0402,0.7942,0.0415,0.6792,1.0957,0.016,0.9568,0,,,,
trade_000153,2025-06-05 03:21:58,GOOGL,143.25,48201,0.1544,68.56,-0.9517,0.4991,8934032781,21.63,1.1854,0.0214,0.5828,-0.078,0.537,0.9545,0.0039,0.8149,0,,,,
trade_000154,2025-06-02 03:13:08,NFLX,408.72,26824,0.2103,59.75,1.9133,0.6922,615926055662,12.23,0.8625,0.0108,0.5948,-0.0355,0.304,0.9385,-0.0098,1.1985,0,,,,
trade_000155,2025-06-15 18:54:01,NFLX,368.36,34923,0.372,60.82,-0.3716,0.6459,971476420555,22.31,0.8333,-0.018,0.5271,0.0603,0.4531,0.9545,0.0163,1.1353,0,,,,
trade_000156,2025-05-25 13:03:06,XOM,380.94,39946,0.1235,68.2,-0.6066,0.4044,128985199762,19.13,1.1368,-0.0316,0.7125,-0.0876,0.3923,0.8405,0.0039,1.1642,0,,,,
trade_000157,2025-05-24 01:21:45,WMT,48.42,44785,0.1285,31.49,1.213,0.2244,153459527968,13.97,1.0399,-0.0326,0.878,0.0019,0.5879,1.3539,-0.0104,1.1319,0,,,,
trade_000158,2025-05-24 06:04:40,WMT,73.95,23556,0.1059,67.92,-0.7578,0.7303,27518157263,39.37,0.8503,-0.0182,0.7673,0.0421,0.4781,1.0961,0.005,1.0606,0,,,,
trade_000159,2025-06-06 04:43:40,PG,386.2,33620,0.3636,56.73,0.3263,0.4466,338932365469,17.19,0.8857,-0.0303,0.9873,-0.0693,0.3827,1.3847,0.0118,0.9606,0,,,,
trade_000160,2025-06-09 00:00:26,NFLX,329.12,28654,0.3117,46.9,0.767,0.458,635983470178,19.82,1.0852,0.0241,0.5443,0.0342,0.5328,1.1531,-0.0062,1.1534,0,,,,
trade_000161,2025-06-01 09:19:28,NFLX,260.46,48562,0.3075,47.47,-0.7646,0.3989,932321538277,17.94,0.9156,0.0293,0.806,-0.0806,0.6956,1.3576,0.0173,0.756,0,,,,
trade_000162,2025-06-16 04:28:28,NVDA,315.11,13693,0.3017,54.12,0.7329,0.7436,394910854735,32.04,1.0563,0.0432,0.6928,0.0921,0.5711,1.2657,0.0154,1.0207,0,,,,
trade_000163,2025-06-03 00:27:46,BAC,49.88,19220,0.2358,44.05,-0.6937,0.6778,389376959337,29.4,1.1461,0.0034,0.8088,-0.0701,0.5737,0.8875,0.0024,1.2273,0,,,,
trade_000164,2025-05-28 17:50:37,WMT,132.08,47729,0.1478,69.36,1.9363,0.344,714674415351,14.61,0.8915,0.0034,0.669,0.0264,0.3159,1.3163,-0.0009,1.0743,0,,,,
trade_000165,2025-06-17 16:17:55,XOM,195.91,50688,0.1295,49.69,-0.0416,0.4029,658360772081,26.97,1.1229,-0.02,0.852,-0.0616,0.4361,1.382,-0.0192,1.2317,0,,,,
trade_000166,2025-06-01 00:38:07,NFLX,247.07,6353,0.1211,47.56,0.53,0.2372,870357853510,19.29,1.1711,-0.0419,0.7364,-0.0343,0.6906,1.2234,0.0092,0.7553,0,,,,
trade_000167,2025-06-03 03:44:20,TSLA,270.24,98899,0.2414,60.72,-0.2443,0.5253,558559822694,16.58,0.9265,0.0313,0.5841,0.0111,0.4305,0.8333,0.0015,1.1479,1,price_spike,Extreme price spike: 75.9% increase,"Volume surge accompanying price movement: 98,899 shares",Volatility spike detected
trade_000168,2025-06-16 11:13:14,NVDA,122.4,43502,0.291,40.55,0.4599,0.2868,930825345999,12.09,1.0929,0.0016,0.9508,0.0551,0.3618,0.9386,0.0179,1.1182,0,,,,
trade_000169,2025-05-28 18:39:28,MSFT,59.41,30054,0.2732,67.24,-1.7501,0.5777,691823325196,20.49,0.9399,-0.0023,0.8664,-0.0354,0.512,1.1678,0.0012,0.8175,0,,,,
trade_000170,2025-06-13 17:22:45,KO,278.87,45238,0.9722920565902322,54.67,0.1605,0.95,189400499647,12.25,0.945,0.01813272340343769,0.9013,0.0978,0.4438,0.9229,-0.014,1.2208,1,extreme_volatility,Extreme volatility: 97.2%,Price outside normal Bollinger Bands,Extreme momentum: 1.8%
trade_000171,2025-06-22 22:07:51,AMZN,231.25,24836,0.173,30.44,1.5474,0.4108,44093037495,27.09,0.9735,-0.0214,0.512,-0.008,0.5637,0.9867,0.0185,1.2408,0,,,,
trade_000172,2025-06-19 20:11:20,MSFT,415.29,22739,0.3757,49.88,1.7984,0.4266,209484380558,22.26,0.9364,-0.0042,0.8322,0.0126,0.4834,0.9252,-0.0146,0.9891,0,,,,
trade_000173,2025-06-21 04:35:23,XOM,108.87,27458,0.3018,45.68,-1.7736,0.4816,366724814794,26.22,1.0114,0.0028,0.9812,-0.0782,0.4504,1.1011,0.0076,1.2662,0,,,,
trade_000174,2025-05-26 05:36:48,MSFT,135.14,9239,0.3423,69.84,-1.7885,0.484,878609060738,15.72,1.0715,0.0068,0.8053,0.0156,0.3369,1.2025,-0.0138,1.1371,0,,,,
trade_000175,2025-06-08 18:25:51,NFLX,307.91,1551,0.1131,40.35,-0.5072,0.2538,809618442909,36.49,0.8419,0.0243,0.6781,-0.0227,0.5759,0.841,-0.0107,1.0106,0,,,,
trade_000176,2025-06-09 04:32:59,NVDA,205.54,46557,0.1035,62.75,1.0562,0.338,640211378225,35.8,1.1836,-0.006,0.727,0.0538,0.5859,1.0008,-0.0062,1.1331,0,,,,
trade_000177,2025-06-12 17:07:48,JPM,72.32,31997,0.2946,42.84,0.4211,0.4308,475831756925,33.25,0.8491,0.0369,0.9326,0.066,0.5666,1.1521,-0.0194,1.2668,0,,,,
trade_000178,2025-06-14 03:20:59,BAC,63.62,30763,0.1279,67.69,-1.0948,0.2516,780407650573,19.01,1.1354,-0.0451,0.981,-0.0766,0.5807,0.8258,-0.0101,0.9154,0,,,,
trade_000179,2025-06-14 11:35:36,TSLA,285.59,13438,0.2352,40.21,1.138,0.2152,967462226411,15.02,1.0558,0.0382,0.7031,-0.0338,0.5854,0.8835,-0.0017,0.8264,0,,,,
trade_000180,2025-06-01 23:46:52,MSFT,226.16,46896,0.1518,49.72,-1.4985,0.7977,654202221926,19.09,0.8395,-0.0119,0.5528,-0.0873,0.5744,1.1395,-0.0,1.0415,0,,,,
trade_000181,2025-06-06 01:35:29,MSFT,274.86,50883,0.1004,36.29,1.0297,0.6495,656342411278,26.37,0.928,0.0369,0.6789,-0.0833,0.3465,0.8199,0.0125,0.9593,0,,,,
trade_000182,2025-06-11 20:35:49,GOOGL,52.79,40438,0.1329,33.69,-1.1522,0.6349,50800239644,13.33,1.0759,-0.0488,0.68,0.0988,0.4298,1.395,-0.0008,1.0228,0,,,,
trade_000183,2025-06-06 10:21:01,META,184.34,19568,0.2077,63.83,0.8697,0.6099,692862263021,32.53,0.9919,-0.0391,0.9348,0.0863,0.3077,1.1328,-0.0137,0.8496,0,,,,
trade_000184,2025-06-15 13:23:20,JPM,351.03,45345,0.3195,69.08,-1.9672,0.2314,121002291520,22.61,1.0426,-0.0264,0.9836,-0.0191,0.5343,1.0709,0.0178,1.1128,0,,,,
trade_000185,2025-06-19 01:41:08,PG,239.02,24918,0.136,68.44,0.6164,0.4847,976151395700,12.3,1.1315,0.0437,0.579,0.0987,0.4699,1.0815,0.0011,0.9418,0,,,,
trade_000186,2025-06-22 19:58:13,XOM,108.79,29755,0.1175,52.52,-1.8252,0.3984,688904585178,16.14,0.9817,0.0273,0.6199,-0.0979,0.6927,1.3529,0.0107,1.004,0,,,,
trade_000187,2025-06-17 18:20:01,PG,232.66,49879,0.2828,45.11,-0.6807,0.648,73424174213,18.99,1.0847,-0.0057,0.5992,0.0984,0.5056,1.3687,0.0183,1.2988,0,,,,
trade_000188,2025-06-20 02:41:57,MSFT,345.12,11100,0.3008,67.42,-1.4572,0.5445,394883592697,28.64,1.0576,0.0468,0.6549,0.0397,0.4999,1.3085,-0.0046,1.0379,0,,,,
trade_000189,2025-06-19 15:52:41,AMZN,378.88,41757,0.263,40.31,1.1489,0.3271,429500896318,23.49,0.9585,0.0403,0.6535,-0.0592,0.5604,0.9193,0.0096,0.9745,0,,,,
trade_000190,2025-05-28 00:35:23,PFE,100.21,40283,0.1757,43.0,-0.9919,0.7753,453476302663,30.39,1.1704,-0.008,0.5576,0.0965,0.6841,1.3202,0.0065,0.9949,0,,,,
trade_000191,2025-05-27 03:24:52,JPM,361.32,4198,0.3514,51.86,-1.0533,0.225,890627365847,27.82,1.1603,0.0112,0.8439,-0.0116,0.6603,1.1185,0.0158,0.9134,0,,,,
trade_000192,2025-06-12 08:03:03,TSLA,337.22,8531,0.1443,40.54,0.1855,0.6943,151918908701,19.74,0.8289,-0.0337,0.8404,0.0617,0.6793,1.2236,0.0159,1.1055,0,,,,
trade_000193,2025-05-24 08:57:30,META,98.61,33527,0.3877,66.4,1.7451,0.6922,879073474084,36.86,0.881,0.0019,0.5584,-0.0308,0.4452,1.0416,-0.0003,0.9371,0,,,,
trade_000194,2025-06-16 07:46:52,PFE,148.63,42042,0.2066,31.01,1.9424,0.7557,17585530729,26.51,1.0333,-0.0379,0.6947,0.0954,0.5432,1.0198,0.0004,0.7534,0,,,,
trade_000195,2025-06-16 06:17:51,MSFT,408.62,33224,0.3275,51.21,-1.9709,0.6107,191360768615,33.77,1.1527,-0.032,0.6455,-0.0196,0.341,1.1971,0.0189,0.722,0,,,,
trade_000196,2025-06-07 12:18:24,NVDA,189.27,48344,0.2284,33.68,0.1625,0.4365,699645377266,38.55,1.1656,0.0078,0.7162,-0.0121,0.5591,0.8718,-0.0168,0.725,0,,,,
trade_000197,2025-06-07 06:26:49,XOM,125.0,27274,0.103,57.81,-1.7464,0.723,113710477951,37.4,0.8979,-0.0127,0.8347,-0.0928,0.5818,1.1718,0.0014,0.7635,0,,,,
trade_000198,2025-06-20 00:58:18,NFLX,279.99,20460,0.2408,46.37,-0.3408,0.2347,100660659767,24.37,1.0347,-0.0479,0.7726,-0.0714,0.398,1.0657,-0.0186,1.1179,0,,,,
trade_000199,2025-06-16 13:21:25,WMT,114.48,32750,0.292,31.66,1.4868,0.4718,994369551705,19.94,0.8401,0.0334,0.7511,0.0599,0.6123,1.2033,-0.0197,1.2711,0,,,,
trade_000200,2025-06-04 04:30:14,AMZN,403.18,28842,0.215,67.39,-0.5274,0.5832,512005463234,31.12,1.0471,0.0238,0.5338,-0.0915,0.3116,0.9759,-0.0135,1.0737,0,,,,
trade_000201,2025-06-11 07:12:55,XOM,49.3,3326,0.2519,42.19,1.6262,0.5843,958469105300,26.87,0.9059,0.0281,0.8416,0.0465,0.4525,0.9463,-0.0107,0.9942,0,,,,
trade_000202,2025-06-08 07:18:24,JPM,275.93,1736,0.392,35.1,-1.2702,0.7219,34278721400,27.35,0.9244,0.0273,0.6211,0.0723,0.4965,1.3756,0.003,1.197,0,,,,
trade_000203,2025-06-11 01:29:11,AMZN,173.96,34194,0.1772,57.65,0.6513,0.6551,184552521772,15.05,0.9508,-0.0305,0.9085,-0.0312,0.4321,1.2561,-0.0059,0.9046,0,,,,
trade_000204,2025-06-22 07:21:14,JNJ,327.28,50767,0.2725,42.85,-0.4973,0.6374,672912691454,16.89,1.1787,-0.0033,0.8172,-0.057,0.3659,0.8628,0.0011,1.1231,0,,,,
trade_000205,2025-05-31 23:01:22,PFE,327.67,43152,0.2379,32.35,-0.1759,0.4951,271378896767,16.88,0.8935,0.0058,0.6154,0.0721,0.6447,1.3037,0.0168,0.8386,0,,,,
trade_000206,2025-06-06 06:49:02,PFE,299.33,6613,0.194,69.9,-0.3383,0.3171,827514405574,20.73,1.1524,0.0008,0.9471,0.0213,0.3866,1.2757,0.013,1.0104,0,,,,
trade_000207,2025-06-19 09:24:59,BAC,69.2,26131,0.1124,61.0,-1.0885,0.7315,668858767022,35.43,1.1679,-0.0036,0.5172,-0.014,0.4884,1.2679,-0.009,1.2253,0,,,,
trade_000208,2025-06-04 22:16:57,PG,191.42,29065,0.2904,32.74,1.6074,0.5519,969452655752,34.41,1.0115,0.0031,0.8297,0.032,0.5696,0.9438,-0.0199,0.9603,0,,,,
trade_000209,2025-05-24 14:56:41,NVDA,348.67,33164,0.3323,69.84,-1.6905,0.6121,64988395386,13.17,1.0667,-0.0472,0.8153,-0.0851,0.3452,1.0677,0.0194,0.862,0,,,,
trade_000210,2025-05-24 03:12:13,JNJ,372.97,48525,0.2835,52.69,1.5669,0.7304,57230687016,26.83,0.8897,-0.018,0.5484,0.0193,0.5805,1.2454,-0.0095,0.9054,0,,,,
trade_000211,2025-05-24 09:39:38,XOM,447.07,1701,0.3578,56.44,-1.9848,0.6405,673412149324,22.26,0.8199,-0.0156,0.8331,-0.0062,0.4241,1.0922,-0.0016,1.1909,0,,,,
trade_000212,2025-06-18 18:10:09,MSFT,325.86,26473,0.3926,51.06,1.5718,0.4264,643700717565,19.21,1.0291,-0.0056,0.8396,0.0232,0.6527,1.229,0.0182,1.0421,0,,,,
trade_000213,2025-05-25 19:29:24,MSFT,371.14,26264,0.1533,50.87,-0.5658,0.4535,789580171151,37.79,1.0987,-0.0204,0.6952,-0.0777,0.4605,1.3458,-0.0028,1.1803,0,,,,
trade_000214,2025-05-24 00:00:47,JNJ,363.65,13972,0.3062,69.24,1.7964,0.5505,794388400025,35.34,1.057,-0.0031,0.9375,0.0076,0.6664,0.9201,0.0056,0.9829,0,,,,
trade_000215,2025-06-18 17:51:59,TSLA,117.52,30556,0.3634,57.93,1.8891,0.7432,546337894586,19.03,0.9697,-0.0291,0.7158,-0.0425,0.5045,1.1954,0.0194,1.255,0,,,,
trade_000216,2025-06-17 22:55:02,KO,155.82,41214,0.3957,33.22,-1.741,0.2678,820493597942,12.24,1.0855,0.0099,0.9504,-0.0061,0.4117,0.9006,-0.0064,1.1807,0,,,,
trade_000217,2025-06-10 18:26:03,AMZN,625.76,109135,0.7698,58.41,0.6313,0.2631,536703825712,39.59,1.1563,0.0181,0.7008,-0.0233,0.4935,0.9389,0.0132,1.0124,1,price_spike,Extreme price spike: 76.2% increase,"Volume surge accompanying price movement: 109,135 shares",Volatility spike detected
trade_000218,2025-06-13 12:18:57,PG,202.11,45382,0.2372,63.68,1.4094,0.4573,875095800192,33.04,0.8679,0.0434,0.8558,0.0337,0.643,1.3861,0.002,0.725,0,,,,
trade_000219,2025-06-16 03:40:14,JPM,360.52,15511,0.1794,55.07,1.8766,0.3371,415982365683,36.24,1.1101,0.0358,0.8455,-0.0416,0.521,1.1596,-0.0128,1.236,0,,,,
trade_000220,2025-05-26 08:39:40,XOM,283.36,12551,0.1387,37.69,0.2842,0.6968,419086092013,28.84,0.9291,0.0237,0.8661,0.0229,0.6374,0.931,0.0114,0.9711,0,,,,
trade_000221,2025-05-27 22:51:48,META,264.15,24472,0.1463,47.21,0.7397,0.5556,364816487395,34.19,1.1188,-0.0219,0.6958,-0.0015,0.6281,1.0604,-0.0097,0.7374,0,,,,
trade_000222,2025-05-24 01:21:25,AAPL,148.89,6247,0.1138,40.5,-1.0825,0.608,675378827191,33.64,1.1613,-0.0122,0.5524,0.0548,0.5367,1.3156,-0.0183,0.7738,0,,,,
trade_000223,2025-06-05 22:56:31,BAC,185.21,6337,0.2592,35.46,0.8664,0.4509,168362925710,17.21,1.0029,0.0271,0.67,-0.0514,0.3153,0.873,-0.0106,0.9637,0,,,,
trade_000224,2025-06-02 09:53:24,JNJ,321.33,9420,0.1871,61.28,1.7972,0.6945,214848399383,22.96,0.9974,0.0479,0.919,-0.045,0.4266,1.0592,-0.0122,1.1029,0,,,,
trade_000225,2025-06-18 21:17:17,AMZN,363.37,30446,0.3432,32.83,-0.5277,0.7503,530600472803,26.91,0.9589,0.0254,0.9472,0.0383,0.488,0.9232,-0.0085,0.938,0,,,,
trade_000226,2025-06-17 09:05:14,JPM,210.59,41204,0.1385,41.82,-0.9813,0.5898,602079361693,29.2,1.0332,0.0262,0.5688,-0.067,0.5686,0.8779,-0.007,1.2605,0,,,,
trade_000227,2025-06-02 19:54:05,PG,79.01,45987,0.1235,36.0,-1.0156,0.4646,446228563280,10.12,1.044,0.044,0.9274,-0.0363,0.3892,0.9971,0.0005,0.9411,0,,,,
trade_000228,2025-05-27 05:29:19,JNJ,221.09,9585,0.1575,56.2,1.4854,0.788,836226031973,14.7,0.8701,0.0263,0.5975,0.0559,0.4043,1.3191,0.0049,0.9419,0,,,,
trade_000229,2025-06-20 15:43:25,NVDA,72.51,1070,0.215,43.24,-0.0424,0.4818,30631402901,10.34,0.864,-0.0428,0.9008,-0.0553,0.6954,1.3192,-0.0182,1.2385,0,,,,
trade_000230,2025-05-30 10:45:46,AMZN,123.65,38154,0.3626,57.08,0.3661,0.3177,716335936614,37.87,1.1677,-0.032,0.7986,0.0198,0.5554,1.0885,0.0166,0.7121,0,,,,
trade_000231,2025-05-24 04:00:56,AMZN,89.45,15127,0.1899,55.61,0.4214,0.2212,139339504035,27.4,1.0702,0.0162,0.5391,0.0146,0.6513,0.8225,-0.0158,1.1242,0,,,,
trade_000232,2025-05-27 12:46:51,WMT,196.04,23739,0.1897,52.24,0.7328,0.5227,446190262867,31.86,0.9743,-0.0218,0.5601,0.0117,0.4926,1.1236,0.0065,0.9061,0,,,,
trade_000233,2025-05-27 15:51:45,WMT,100.78,11344,0.3395,48.92,-1.4959,0.5751,640963889794,16.59,0.8854,0.0083,0.942,-0.0437,0.4611,1.3265,-0.0171,0.8603,0,,,,
trade_000234,2025-06-15 06:19:20,NFLX,286.1,3756,0.2863,36.52,-0.4371,0.3675,306459819680,37.1,0.936,-0.0178,0.9952,0.0144,0.4208,1.3277,-0.0084,0.7077,0,,,,
trade_000235,2025-05-24 01:55:12,PG,98.27,41525,0.2597,53.46,-1.8413,0.6027,825386255249,18.01,1.0951,0.0021,0.8323,0.0519,0.4748,1.2598,0.0096,1.1113,0,,,,
trade_000236,2025-06-19 02:25:59,AAPL,264.31,40113,0.2277,41.93,-1.3542,0.4452,782181863059,36.21,0.9042,-0.0356,0.5074,0.0314,0.5273,1.1727,0.0142,0.9217,0,,,,
trade_000237,2025-06-05 01:51:58,JPM,166.98,11470,0.2599,54.68,-0.1374,0.6949,858499659131,20.25,0.8826,0.0436,0.738,0.0853,0.4859,1.3968,-0.0003,0.7798,0,,,,
trade_000238,2025-06-22 02:30:25,META,336.23,31383,0.2967,69.88,-1.0252,0.4809,507178140834,32.73,0.9171,-0.0247,0.7532,0.0922,0.3618,1.212,-0.0,0.8757,0,,,,
trade_000239,2025-06-11 17:42:07,JNJ,208.55,50354,0.2075,39.59,-1.4345,0.366,435167096190,15.34,1.038,0.0394,0.5772,0.0007,0.6276,1.3929,-0.0132,1.0281,0,,,,
trade_000240,2025-06-04 18:22:46,BAC,735.62,140871,0.667,49.8,0.6744,0.2415,712824986279,29.76,0.8774,0.0467,0.9254,0.0378,0.5234,1.3754,-0.0177,1.104,1,price_spike,Extreme price spike: 184.1% increase,"Volume surge accompanying price movement: 140,871 shares",Volatility spike detected
trade_000241,2025-05-31 07:23:37,NVDA,166.6,26604,0.2472,41.28,1.8233,0.2792,417271975936,32.9,0.8584,0.0203,0.7544,0.0689,0.6784,1.3828,0.0112,1.0328,0,,,,
trade_000242,2025-06-11 07:55:01,AMZN,370.42,32219,0.2381,48.13,-1.6268,0.4913,88660966797,13.98,1.1883,0.0395,0.6919,0.0281,0.5865,0.8699,0.0184,1.0374,0,,,,
trade_000243,2025-06-07 02:12:39,NFLX,266.67,17593,0.1124,30.64,-0.2931,0.7734,615630483684,18.16,0.963,0.0404,0.8617,0.0368,0.5968,1.2712,0.0021,1.0494,0,,,,
trade_000244,2025-06-15 06:31:35,NFLX,110.3,6322,0.312,59.36,1.2924,0.3701,850230836494,13.67,0.9179,0.0032,0.7237,0.0436,0.5234,1.1258,-0.0003,0.8214,0,,,,
trade_000245,2025-06-09 11:36:03,TSLA,304.06,6381,0.1661,58.89,-1.4456,0.4275,1000290419509,27.38,1.0596,0.0404,0.9918,-0.0277,0.6335,1.3502,0.0053,0.9139,0,,,,
trade_000246,2025-06-02 04:30:23,NFLX,118.22,7315,0.1772,59.01,-1.5097,0.4179,674548622388,24.34,1.1311,-0.0181,0.8648,-0.0379,0.3804,0.909,0.0074,1.1442,0,,,,
trade_000247,2025-06-19 10:54:36,AAPL,416.18,35067,0.2447,31.42,0.0315,0.3877,842629204878,11.07,0.9494,-0.0051,0.9347,-0.0611,0.648,1.2582,-0.0133,0.7407,0,,,,
trade_000248,2025-06-08 10:26:31,NVDA,394.21,1761,0.163,63.69,-0.7072,0.3028,857985956826,29.5,0.9635,-0.0347,0.5803,0.0234,0.5228,1.384,0.0159,0.7426,0,,,,
trade_000249,2025-05-26 19:14:23,PG,48.91,49353,0.3548,63.54,1.5128,0.7143,711111017399,34.65,0.9402,0.0445,0.9706,-0.0965,0.4624,1.364,-0.0063,1.127,0,,,,
trade_000250,2025-06-06 03:35:27,AMZN,280.24,46624,0.3793,33.85,-1.1608,0.3014,644005661697,28.34,0.9271,-0.0133,0.6334,-0.0704,0.4334,1.0506,-0.0136,0.9319,0,,,,
trade_000251,2025-06-13 07:49:59,NVDA,161.05,25989,0.2366,32.34,0.1933,0.5775,353848726042,16.18,0.9079,-0.0294,0.9225,-0.063,0.5417,1.1957,-0.0186,0.8991,0,,,,
trade_000252,2025-06-10 06:46:02,NFLX,248.76,6786,0.1163,33.63,-1.7823,0.6593,381505416545,10.97,0.8249,-0.0209,0.7304,-0.0651,0.6514,0.979,0.0006,1.1911,0,,,,
trade_000253,2025-06-04 16:43:02,GOOGL,189.83,31141,0.1677,58.67,1.394,0.6293,531390205937,39.27,1.0077,-0.0429,0.869,-0.0273,0.5655,1.0962,-0.0023,1.2947,0,,,,
trade_000254,2025-05-24 19:33:30,GOOGL,239.67,2422,0.2457,35.3,0.8769,0.6196,562022383306,30.05,0.8205,-0.0185,0.8921,-0.0607,0.4023,1.3039,0.0157,1.1372,0,,,,
trade_000255,2025-05-28 16:38:49,AAPL,110.01,11353,0.1304,47.62,1.4291,0.7504,909994408991,15.7,1.0256,-0.0457,0.9173,-0.0475,0.4729,1.0588,-0.0141,1.0696,0,,,,
trade_000256,2025-06-14 12:18:59,PG,416.35,42117,0.197,41.7,-0.2734,0.341,216224935561,14.51,1.0252,0.0197,0.5279,-0.0784,0.6131,1.1521,-0.0046,0.8525,0,,,,
trade_000257,2025-06-19 14:22:09,PFE,273.56,30765,0.3575,54.72,0.685,0.2979,989682579898,20.54,0.9112,0.0039,0.941,-0.0542,0.4933,1.3262,0.0077,0.7048,0,,,,
trade_000258,2025-06-19 18:38:25,PFE,108.22,39164,0.2503,40.78,-0.5233,0.663,159591445853,20.49,0.9464,0.0103,0.6993,-0.0789,0.3298,0.9453,0.008,1.2103,0,,,,
trade_000259,2025-05-24 16:35:28,JNJ,349.09,26361,0.3502,68.68,-1.0496,0.2972,53008057344,21.5,0.9272,-0.0033,0.5206,0.009,0.389,1.2415,0.0098,0.7927,0,,,,
trade_000260,2025-06-08 20:59:44,JPM,252.82,11633,0.3107,55.26,-0.133,0.6429,313265447457,35.91,1.065,-0.0176,0.9719,-0.0822,0.3293,1.2158,-0.0077,1.1779,0,,,,
trade_000261,2025-06-03 01:41:29,WMT,250.56,50870,0.3397,30.16,-0.4381,0.6254,551188888374,18.94,1.0929,0.0471,0.8835,0.0828,0.584,1.0804,0.0187,1.2494,0,,,,
trade_000262,2025-06-01 11:22:37,GOOGL,224.08,14922,0.1602,50.36,-0.4711,0.6778,165404571878,10.58,0.9278,-0.007,0.7352,0.051,0.5482,1.3563,-0.0082,1.0881,0,,,,
trade_000263,2025-06-06 07:14:17,BAC,118.3,33231,0.1353,44.79,-1.5869,0.355,752318194837,17.09,1.19,-0.0032,0.68,-0.0843,0.5977,0.9017,0.0068,1.2236,0,,,,
trade_000264,2025-06-02 01:15:39,AAPL,397.48,45651,0.3414,60.21,-0.7511,0.4343,418863648011,34.48,0.9198,0.0324,0.6121,-0.0966,0.334,1.2671,-0.012,1.2632,0,,,,
trade_000265,2025-05-24 13:29:16,JPM,255.21,25459,0.3496,55.08,0.1665,0.4705,458488782712,13.84,0.8981,-0.0086,0.7164,0.0331,0.3585,1.2725,-0.0007,1.2727,0,,,,
trade_000266,2025-06-04 03:12:11,JPM,285.13,42207,0.1253,68.83,1.6326,0.2665,443346207952,18.85,1.1807,0.0207,0.5314,0.0531,0.3352,1.3707,-0.0142,1.26,0,,,,
trade_000267,2025-06-06 11:49:46,AMZN,130.78,47691,0.1681,33.89,1.3891,0.542,488484073830,37.33,0.9678,-0.0321,0.8197,-0.0036,0.4319,1.3981,0.009,0.9029,0,,,,
trade_000268,2025-06-13 22:25:46,BAC,60.56,19752,0.1992,40.02,1.8444,0.4619,48250374910,34.03,0.9516,0.0117,0.5349,0.0341,0.6127,0.8224,0.0102,1.1063,0,,,,
trade_000269,2025-06-14 21:20:19,NVDA,213.14,40411,0.1908,48.63,1.97,0.7521,641674675611,32.61,0.9294,0.0382,0.5274,-0.0613,0.6447,1.3907,-0.0042,1.0958,0,,,,
trade_000270,2025-06-14 05:32:45,NVDA,198.91,42206,0.2663,39.57,-1.2639,0.3784,279188888390,35.94,0.8434,-0.0483,0.8296,0.0468,0.4378,0.8298,0.0123,1.2614,0,,,,
trade_000271,2025-06-21 02:31:23,META,427.15,46987,0.3519,44.17,0.8626,0.4147,246067985003,15.73,0.8522,-0.0255,0.664,0.0851,0.6812,1.3402,0.0142,0.8916,0,,,,
trade_000272,2025-06-20 17:48:23,NFLX,86.93,22401,0.262,41.12,-0.3229,0.4183,26128441256,28.05,1.0851,-0.0407,0.8974,0.0069,0.3121,1.381,-0.0067,1.0515,0,,,,
trade_000273,2025-06-21 07:32:43,GOOGL,117.31,23689,0.261,31.53,-1.5516,0.4401,907934594681,15.24,1.0114,-0.0291,0.5631,0.0742,0.6944,1.2143,-0.0092,0.9518,0,,,,
trade_000274,2025-06-02 11:17:07,NVDA,69.09,8793,0.1638,52.81,0.2125,0.681,872459288121,14.48,1.0288,0.0347,0.8812,0.0336,0.4615,1.2636,-0.0102,1.0823,0,,,,
trade_000275,2025-06-06 03:37:22,JPM,118.74,5514,0.2233,37.32,0.311,0.4057,610115719951,24.49,1.1348,0.0159,0.6531,-0.0112,0.5689,1.0103,-0.0176,1.1835,0,,,,
trade_000276,2025-06-07 17:38:23,WMT,332.85,25338,0.1896,39.52,-1.148,0.4423,774331451756,10.68,0.8097,0.0325,0.7676,0.0506,0.4704,1.2041,-0.0087,1.0863,0,,,,
trade_000277,2025-06-14 14:44:05,AMZN,223.97,1682,0.2407,44.6,-1.4022,0.2427,183224423007,29.14,0.8794,-0.0332,0.7282,-0.0892,0.3913,1.2451,0.0174,0.8291,0,,,,
trade_000278,2025-06-17 20:35:11,PG,85.18,18432,0.3854,50.63,1.0434,0.5212,665210873443,27.01,1.1723,0.0189,0.7676,-0.0912,0.6642,1.1632,-0.0049,1.0557,0,,,,
trade_000279,2025-06-17 01:01:08,AAPL,58.43,36843,0.1427,52.34,-1.5069,0.2134,698744369679,20.62,1.1867,0.0069,0.939,-0.0494,0.4767,1.2288,-0.0123,1.0482,0,,,,
trade_000280,2025-06-19 06:06:52,AMZN,164.57,17299,0.2865,33.03,1.81,0.7574,768325303045,22.13,1.1257,-0.0307,0.5425,-0.0005,0.5415,1.2736,0.005,1.1411,0,,,,
trade_000281,2025-06-15 10:57:58,NVDA,320.38,17594,0.3544,32.56,-1.2482,0.5219,250890598417,31.87,0.8273,-0.0346,0.6297,-0.0369,0.4781,1.2838,0.0004,0.9729,0,,,,
trade_000282,2025-06-16 22:17:58,NFLX,115.22,45842,0.1768,45.97,1.7925,0.7704,274897990321,32.04,0.9927,-0.0124,0.905,-0.0782,0.5482,1.3042,-0.0144,0.982,0,,,,
trade_000283,2025-06-08 11:19:15,PG,140.09,20744,0.3369,54.1,-1.9006,0.4649,550550647909,32.01,0.8912,0.0325,0.8272,0.0545,0.4944,0.8774,0.0033,1.0312,0,,,,
trade_000284,2025-06-05 17:50:56,KO,350.72,25760,0.3957,64.43,-0.4445,0.2082,874061245518,37.96,1.1853,-0.0386,0.7534,-0.0803,0.525,1.3024,-0.0067,1.1876,0,,,,
trade_000285,2025-05-25 23:41:03,NFLX,99.23,50009,0.3999,61.96,-1.9876,0.3755,837567007359,24.01,1.1714,-0.0238,0.8283,0.064,0.3622,1.0427,-0.0151,1.1824,0,,,,
trade_000286,2025-06-10 11:37:30,PFE,279.87,42077,0.206,53.62,0.0275,0.2971,268397563013,34.03,1.1532,-0.0174,0.8968,-0.0678,0.544,1.262,0.0177,0.7468,0,,,,
trade_000287,2025-05-31 13:27:36,AAPL,200.16,23680,0.1278,33.28,-0.0508,0.2219,727969334998,14.47,1.1718,0.0029,0.6779,0.0526,0.5881,0.9055,-0.0019,1.22,0,,,,
trade_000288,2025-05-26 08:10:12,NVDA,263.31,30252,0.1172,56.49,1.9468,0.5158,152760544409,36.66,0.8099,0.0233,0.8729,0.0274,0.6598,1.1613,0.0135,0.9547,0,,,,
trade_000289,2025-05-28 09:48:57,BAC,240.36,42849,0.276,36.39,1.1622,0.3069,546977784049,11.18,0.943,-0.0228,0.8084,0.0107,0.5201,1.3085,-0.0023,1.2785,0,,,,
trade_000290,2025-06-16 03:59:08,MSFT,350.43,28302,0.1765,61.78,1.6757,0.2383,947630404309,34.42,1.0454,-0.0206,0.6378,-0.0633,0.348,1.2534,-0.0152,1.1912,0,,,,
trade_000291,2025-06-19 00:12:32,JNJ,236.82,22320,0.2024,35.99,0.1063,0.6861,783764018663,33.07,0.9621,0.0142,0.6359,-0.0082,0.5823,0.8135,0.0141,0.7374,0,,,,
trade_000292,2025-06-03 04:42:15,XOM,132.52,21981,0.3361,38.72,1.223,0.4673,70010613821,15.83,1.0261,-0.0124,0.7582,-0.0027,0.622,1.0024,-0.0089,1.2173,0,,,,
trade_000293,2025-06-14 19:25:35,AMZN,54.16,42526,0.1191,34.76,-0.6074,0.585,446310992685,35.02,1.1384,0.0242,0.729,0.0547,0.4169,0.9632,0.0096,1.1627,0,,,,
trade_000294,2025-06-15 07:09:19,JPM,432.87,39621,0.3399,57.48,-1.2984,0.7315,758177921462,24.13,1.0429,0.0411,0.9643,-0.0772,0.3251,1.2918,0.0122,0.8911,0,,,,
trade_000295,2025-05-28 11:15:14,BAC,330.48,43150,0.1234,52.84,0.8877,0.3911,126319163677,14.36,0.9918,0.0207,0.7732,-0.0339,0.5233,1.3677,-0.0026,1.2494,0,,,,
trade_000296,2025-05-24 12:00:43,AAPL,352.93,36003,0.3231,64.39,-1.8848,0.5226,10594749802,25.33,0.8076,0.031,0.9249,-0.0289,0.501,1.3048,-0.017,1.2547,0,,,,
trade_000297,2025-06-02 18:20:18,KO,75.7,21794,0.3428,64.93,-1.3142,0.4738,787650670798,36.8,0.8863,0.0062,0.8742,0.0093,0.508,1.2151,-0.0123,0.8468,0,,,,
trade_000298,2025-06-06 20:37:38,TSLA,70.04,116536,0.39060000000000006,46.74,0.4413,0.7063,299374586196,24.83,0.821,-0.0489,0.18219,-0.0567,0.6573,0.8667,-0.0102,0.7749,1,volume_surge,Massive volume surge: 20.6x normal volume,"Total volume: 116,536 shares",Liquidity strain detected
trade_000299,2025-06-12 07:14:52,TSLA,342.85,44200,0.2802,47.4,1.541,0.5,804227418366,26.85,1.0963,-0.0335,0.8159,0.0347,0.3292,1.1071,0.0149,1.141,0,,,,
trade_000300,2025-06-02 05:13:15,WMT,50.85,29169,0.2123,69.85,1.3561,0.4939,887742878069,28.03,1.1017,-0.0286,0.9928,-0.0631,0.4877,1.0368,0.0128,1.193,0,,,,
trade_000301,2025-06-21 20:55:52,PG,89.64,21414,0.2226,54.39,1.6425,0.4878,260945200252,16.78,0.848,-0.0382,0.6438,-0.0115,0.3157,1.1867,-0.0161,1.2278,0,,,,
trade_000302,2025-06-03 02:08:15,JNJ,203.98,20938,0.1614,58.54,1.7653,0.5281,469407614710,15.0,1.0671,-0.0336,0.8968,-0.055,0.5855,0.8632,-0.0178,0.7368,0,,,,
trade_000303,2025-05-31 10:22:06,JNJ,151.91,43970,0.3516,39.82,-1.8794,0.2649,838634218726,32.55,1.0508,0.0193,0.5559,-0.0575,0.3189,1.3785,-0.0178,1.1348,0,,,,
trade_000304,2025-06-03 23:04:01,PG,70.4,22282,0.3158,57.26,-0.3904,0.7028,68389506780,31.47,1.1638,0.0124,0.7709,0.0648,0.5784,0.9405,0.0101,0.9057,0,,,,
trade_000305,2025-05-24 10:11:47,MSFT,167.67,28257,0.2566,58.83,1.977,0.6679,968871187315,31.09,1.0695,0.032,0.5586,0.0226,0.4188,0.9107,-0.0193,0.7644,0,,,,
trade_000306,2025-06-22 14:31:39,PG,120.22,49102,0.3152,39.68,1.1338,0.7377,211773017172,36.15,0.9918,-0.0322,0.8485,0.0808,0.6455,0.9208,-0.003,1.0136,0,,,,
trade_000307,2025-05-31 03:50:33,MSFT,73.78,23713,0.3341,66.4,-1.1976,0.6308,647438508341,20.89,1.0838,0.0292,0.8858,0.0209,0.4302,1.3833,0.0132,0.9727,0,,,,
trade_000308,2025-06-14 23:47:23,META,137.13,27115,0.1661,67.28,-0.7216,0.7276,108627570860,21.32,0.8809,-0.0115,0.8453,-0.0709,0.3455,0.9606,0.008,0.841,0,,,,
trade_000309,2025-05-27 01:53:49,MSFT,220.55,31539,0.1221,51.58,-1.4341,0.2399,964044709777,19.85,1.0091,0.0379,0.5284,-0.0136,0.5382,1.0199,0.0113,0.9915,0,,,,
trade_000310,2025-06-16 16:29:13,XOM,227.77,23288,0.2031,69.2,1.9724,0.3458,265078210864,36.66,0.8144,0.0468,0.9374,-0.0275,0.3679,1.1391,0.0192,1.1853,0,,,,
trade_000311,2025-06-07 11:27:10,NVDA,290.41,5100,0.9037509574636786,41.66,-0.0967,0.95,261741265904,28.07,0.8631,0.0363620154755365,0.8456,0.0414,0.5237,0.8823,-0.0046,0.7734,1,extreme_volatility,Extreme volatility: 90.4%,Price outside normal Bollinger Bands,Extreme momentum: 3.6%
trade_000312,2025-05-28 16:46:23,NVDA,392.21,37959,0.3452,51.24,-0.51,0.5871,259358218892,11.11,1.0368,0.001,0.6361,-0.062,0.4057,1.0922,0.0093,1.1534,0,,,,
trade_000313,2025-06-10 21:12:54,NVDA,151.48,42251,0.2717,31.15,0.6552,0.4979,700624086636,33.49,0.9821,0.0116,0.8364,0.0462,0.3777,1.3899,-0.0118,1.094,0,,,,
trade_000314,2025-05-28 21:18:29,AMZN,381.94,8723,0.2709,43.38,0.4127,0.3584,40666479435,22.4,1.0984,-0.0011,0.5397,-0.0944,0.3059,1.1771,0.0087,0.7788,0,,,,
trade_000315,2025-06-09 14:23:49,XOM,54.71,43271,0.1539,35.1,-0.0418,0.4563,289260009692,27.88,1.1883,-0.0036,0.6946,0.0165,0.5153,0.9438,0.002,1.2152,0,,,,
trade_000316,2025-06-02 00:02:42,AAPL,163.55,16812,0.3384,49.33,-1.5863,0.6572,879240120944,22.37,0.9406,-0.0034,0.7607,-0.022,0.3627,0.8832,0.0057,1.0441,0,,,,
trade_000317,2025-05-26 12:22:40,AMZN,138.87,50354,0.3433,63.72,0.0907,0.3164,844713100484,31.15,1.1975,0.0009,0.8139,0.0954,0.3316,1.2162,0.0146,0.7588,0,,,,
trade_000318,2025-05-24 04:51:15,AMZN,338.58,36884,0.3838,6.151156686833651,-8,0.7283,420529595299,13.74,1.1706,-0.15,0.9437,-0.0145,0.3673,0.9244,0.0149,1.188,1,unusual_rsi,Extreme RSI: 6.2 (Oversold condition),MACD divergence: -8.00,Strong momentum divergence
trade_000319,2025-06-10 06:38:08,NVDA,193.78,39191,0.2376,51.82,-0.2487,0.4125,221932672385,18.87,1.0611,0.0334,0.8621,0.0404,0.668,1.033,0.0074,1.2169,0,,,,
trade_000320,2025-05-29 12:41:49,PFE,277.87,14457,0.1576,57.13,0.7754,0.7729,213129323277,24.78,1.0918,0.0143,0.5744,0.0112,0.3133,0.9855,-0.011,1.1691,0,,,,
trade_000321,2025-06-01 10:04:43,KO,149.95,34681,0.2567,48.22,1.9738,0.4232,744672854197,33.39,1.1073,-0.0431,0.5907,0.067,0.5234,1.1236,-0.0059,1.1575,0,,,,
trade_000322,2025-06-03 19:03:06,JNJ,310.3,27430,0.2402,67.11,-0.6921,0.7042,292282892197,31.87,0.9982,-0.0496,0.9117,0.0191,0.6089,1.1444,-0.0051,0.7111,0,,,,
trade_000323,2025-06-02 11:13:42,NVDA,180.58,12822,0.1968,37.4,1.2761,0.3807,192590234084,23.71,1.0593,0.026,0.74,-0.0405,0.3011,0.8519,0.0179,0.7881,0,,,,
trade_000324,2025-05-29 12:32:16,XOM,336.16,34381,0.2323,60.11,-1.8717,0.5593,833084886392,37.83,0.9759,-0.0177,0.5185,-0.0396,0.6622,0.9209,0.0013,1.2881,0,,,,
trade_000325,2025-06-07 04:24:11,MSFT,236.83,45895,0.1744,49.76,0.9745,0.7884,279451203461,17.11,0.9289,-0.0261,0.9497,0.0344,0.5511,0.8701,0.0139,1.2165,0,,,,
trade_000326,2025-05-30 02:05:27,GOOGL,123.3,33097,0.2692,41.96,-1.8067,0.7499,913432504664,13.5,0.9804,-0.0392,0.726,0.0937,0.5259,0.8263,-0.0069,0.9262,0,,,,
trade_000327,2025-05-31 20:32:46,PFE,284.68,18423,0.1347,30.29,0.3319,0.4067,209300696810,22.72,1.0404,0.0355,0.611,0.0955,0.4901,0.9292,-0.0017,1.1442,0,,,,
trade_000328,2025-06-08 16:21:48,AMZN,131.44,1903,0.2723,53.11,-0.929,0.3319,342802877434,34.9,0.8095,0.0116,0.977,-0.0798,0.3838,1.1315,-0.0128,0.7377,0,,,,
trade_000329,2025-06-22 04:36:40,MSFT,265.28,15383,0.2136,34.43,1.5675,0.3889,448607698428,33.06,1.1727,0.0301,0.7513,0.0673,0.3716,1.3328,0.0156,1.2265,0,,,,
trade_000330,2025-06-13 23:15:38,AAPL,371.05,1696,0.1565,38.91,1.2051,0.7162,940656799066,37.16,0.9772,0.0406,0.6913,0.0293,0.3021,1.007,0.0093,0.8152,0,,,,
trade_000331,2025-06-06 18:24:22,WMT,247.0,2124,0.2972,8.392750419500981,-8,0.5258,571043285202,38.1,0.9629,-0.15,0.6374,0.0648,0.377,1.0568,-0.0076,0.7013,1,unusual_rsi,Extreme RSI: 8.4 (Oversold condition),MACD divergence: -8.00,Strong momentum divergence
trade_000332,2025-06-08 00:17:51,AAPL,267.39,8431,0.3604,59.65,-1.0498,0.3237,466280978460,39.56,1.0239,-0.0129,0.6439,-0.0157,0.4442,1.3702,-0.0186,0.8552,0,,,,
trade_000333,2025-05-26 14:01:45,AMZN,251.5,29553,0.1986,36.87,1.8673,0.7375,495496476854,23.18,1.1648,-0.0453,0.5969,-0.0283,0.5059,1.0135,-0.0086,0.8334,0,,,,
trade_000334,2025-06-02 13:35:26,PFE,384.28,37928,0.1444,37.52,1.8679,0.2674,164453278751,36.9,1.1227,-0.0294,0.5685,0.0671,0.4168,1.1879,0.0104,1.2041,0,,,,
trade_000335,2025-06-16 10:59:21,AAPL,304.42,18101,0.1717,64.37,-0.0408,0.623,694160425654,34.21,0.8585,-0.0154,0.8826,-0.0922,0.5252,0.9283,-0.0096,1.0119,0,,,,
trade_000336,2025-06-02 21:57:40,PG,460.35,32635,0.3378,31.33,-1.607,0.7789,778088328544,17.8,0.8627,-0.0006,0.745,0.0637,0.3264,1.1461,0.0099,1.2851,0,,,,
trade_000337,2025-05-25 13:01:59,PG,308.11,22860,0.2048,58.83,-1.3753,0.3236,227608448351,28.49,1.0428,0.0196,0.5768,0.0506,0.546,1.2438,-0.014,1.0539,0,,,,
trade_000338,2025-06-04 17:27:03,JNJ,120.61,35968,0.293,46.06,-0.4828,0.2251,912633828660,28.53,1.1713,0.0014,0.7473,-0.0385,0.3906,0.8983,0.0171,0.8229,0,,,,
trade_000339,2025-06-19 02:41:30,MSFT,126.18,44131,0.3823,34.64,0.378,0.5307,397489932740,13.76,1.0589,-0.0168,0.9357,0.054,0.4504,1.0524,-0.0156,1.2585,0,,,,
trade_000340,2025-06-05 21:14:41,PFE,314.73,36299,0.308,51.2,-0.1211,0.6746,531598116932,22.05,1.1393,-0.009,0.8119,-0.0402,0.4684,0.8208,0.0123,1.0673,0,,,,
trade_000341,2025-05-28 16:10:32,WMT,373.9,32502,0.3571,46.49,0.6987,0.6047,372145800806,20.22,1.0201,-0.0373,0.647,-0.0911,0.6886,1.024,-0.0135,0.9673,0,,,,
trade_000342,2025-05-30 06:45:09,PG,171.58,35573,0.356,66.22,-1.3761,0.6034,137269207922,28.22,1.028,-0.0498,0.8293,-0.0367,0.3884,1.3395,0.0144,1.0311,0,,,,
trade_000343,2025-05-26 21:56:44,GOOGL,250.64,18959,0.3246,44.09,-1.7193,0.757,403683919372,27.19,0.8035,0.0233,0.8475,-0.0324,0.4848,1.1929,0.0156,1.0408,0,,,,
trade_000344,2025-06-10 00:19:02,NFLX,434.1,18574,0.2622,33.27,-1.4551,0.3799,999611596202,16.22,0.8036,0.044,0.6975,0.0191,0.4968,1.0709,-0.0,1.2415,0,,,,
trade_000345,2025-05-30 22:55:45,META,126.46,2491,0.3165,61.78,0.9891,0.4701,181276732578,35.51,1.1551,0.0084,0.7876,-0.0713,0.3943,1.0506,-0.0131,1.0664,0,,,,
trade_000346,2025-06-08 02:45:39,JNJ,301.67,30292,0.2158,63.96,-1.3627,0.4063,58031793727,14.58,1.1677,0.0219,0.7643,-0.0694,0.3042,0.8313,-0.0096,1.1861,0,,,,
trade_000347,2025-06-15 17:59:32,KO,423.56,9600,0.2258,64.54,-0.1119,0.3043,87927193623,11.52,1.0717,-0.0157,0.8323,-0.0765,0.6128,0.9126,0.0011,1.0901,0,,,,
trade_000348,2025-05-24 16:35:16,NVDA,140.13,26406,0.249,47.61,1.1831,0.4103,205017716603,11.75,0.953,0.0311,0.7699,-0.0851,0.4409,0.8779,-0.0192,1.0717,0,,,,
trade_000349,2025-06-21 04:24:44,META,181.49,23861,0.274,63.43,-1.5876,0.488,466360297638,32.56,1.1954,-0.0039,0.6519,0.0378,0.6043,1.379,0.0164,0.7404,0,,,,
trade_000350,2025-06-10 12:36:47,META,365.67,11549,0.1805,41.79,-1.0319,0.5618,311247634116,10.19,0.9248,0.0067,0.9911,0.0338,0.3358,1.0422,-0.0112,0.8196,0,,,,
trade_000351,2025-05-26 05:40:44,BAC,176.16,42533,0.1309,56.24,-0.0443,0.6741,919559280818,14.63,0.8817,-0.04,0.8194,-0.0925,0.6247,0.8668,0.0162,0.7148,0,,,,
trade_000352,2025-06-19 14:01:51,BAC,133.31,40572,0.2294,59.66,0.3805,0.2825,256914260829,24.76,0.8714,-0.0405,0.8432,0.0128,0.4048,0.8132,0.0119,1.2914,0,,,,
trade_000353,2025-05-25 16:36:59,JNJ,248.61,28616,0.2756,54.72,1.0626,0.5608,833443435150,24.58,1.0295,-0.0134,0.998,0.0286,0.3189,1.0155,-0.0081,1.137,0,,,,
trade_000354,2025-06-12 12:32:33,BAC,394.52,1348,0.1179,55.51,-0.0994,0.4632,399382816053,23.87,1.0862,0.0009,0.7289,0.0354,0.603,0.9939,-0.0009,0.9443,0,,,,
trade_000355,2025-06-06 15:03:46,AAPL,105.02,6387,0.2186,45.68,1.843,0.4075,17912062739,20.22,0.8925,-0.0484,0.9359,-0.0233,0.3464,0.9776,0.0041,0.8202,0,,,,
trade_000356,2025-06-03 20:27:08,XOM,417.47,14350,0.144,34.01,1.7635,0.7446,608230786268,17.62,0.9594,0.0429,0.5553,-0.0259,0.3897,1.2707,-0.0195,0.9033,0,,,,
trade_000357,2025-06-14 17:43:56,AMZN,123.54,37722,0.3584,30.83,-1.332,0.4467,227022667092,22.11,1.0852,0.0007,0.7147,-0.0115,0.6954,1.3969,-0.0055,1.0612,0,,,,
trade_000358,2025-06-21 23:05:04,AAPL,104.74,32608,0.2268,59.76,-1.7014,0.4676,172027297430,22.9,1.0506,0.0361,0.5744,-0.0858,0.3335,0.8453,-0.0086,0.8452,0,,,,
trade_000359,2025-06-05 07:29:09,MSFT,123.97,22890,0.1259,37.4,1.428,0.2327,149879276813,21.61,0.8244,-0.0179,0.9701,0.058,0.6934,1.1,0.0111,1.247,0,,,,
trade_000360,2025-06-02 00:00:12,NFLX,315.5,38628,0.1047,50.02,-1.0498,0.7944,552811263247,15.61,1.0266,0.031,0.6195,-0.0646,0.5036,0.9608,-0.0191,1.1902,0,,,,
trade_000361,2025-06-17 06:37:57,BAC,427.64,27315,0.152,69.46,-0.7621,0.2595,561729174452,14.14,1.1515,0.0159,0.9482,0.0509,0.355,1.0471,0.012,0.745,0,,,,
trade_000362,2025-06-16 09:09:12,WMT,325.14,46576,0.3785,34.17,1.4467,0.3331,972884688530,38.84,0.9802,-0.0346,0.912,-0.0988,0.6076,1.3993,0.0154,1.2936,0,,,,
trade_000363,2025-06-05 05:02:03,PFE,383.3,43638,0.2049,56.05,-1.9583,0.5418,809113432422,39.99,0.8593,0.0109,0.9994,0.0461,0.4674,1.3748,0.0041,1.0471,0,,,,
trade_000364,2025-05-24 12:35:23,TSLA,310.02,125808,0.2512,49.42,1.2546,0.3119,121406034689,19.91,0.9782,0.0029,0.8778,0.0226,0.6406,1.0243,0.003,1.0522,1,price_spike,Extreme price spike: 216.6% increase,"Volume surge accompanying price movement: 125,808 shares",Volatility spike detected
trade_000365,2025-05-26 03:12:08,KO,293.39,48102,0.2972,64.47,1.5858,0.665,5632328749,28.37,0.936,-0.0096,0.7948,-0.0825,0.3868,1.2747,-0.0185,1.2093,0,,,,
trade_000366,2025-06-09 07:13:31,MSFT,180.64,41168,0.1626,42.35,0.1494,0.3395,320458776328,37.4,1.1323,-0.0286,0.8308,-0.0046,0.5433,0.9888,-0.0109,0.8949,0,,,,
trade_000367,2025-06-17 12:36:31,AAPL,331.76,24463,0.3106,39.76,-1.6041,0.283,384828002537,17.67,0.8722,0.0233,0.5654,-0.044,0.4426,1.3324,0.0004,1.0706,0,,,,
trade_000368,2025-06-04 01:42:35,NFLX,265.64,14745,0.3118,48.76,-0.2334,0.4914,799599568729,11.43,0.9407,0.0269,0.9796,0.0385,0.3973,0.9379,0.0087,1.0111,0,,,,
trade_000369,2025-06-19 02:10:05,NVDA,397.29,45929,0.1194,52.8,-0.5383,0.4857,116441389816,35.89,1.1588,0.0032,0.805,-0.0018,0.3036,0.8555,0.012,1.1767,0,,,,
trade_000370,2025-05-29 18:12:24,JNJ,139.13,137345,0.621,32.32,1.3585,0.423,647226208413,24.84,0.9864,0.0388,0.9689,0.0833,0.3203,0.893,0.0002,1.0569,1,price_spike,Extreme price spike: 95.4% increase,"Volume surge accompanying price movement: 137,345 shares",Volatility spike detected
trade_000371,2025-06-03 02:21:52,XOM,179.11,19837,0.2806,45.47,1.1534,0.425,957193690386,11.48,1.183,-0.0239,0.6497,0.0767,0.3661,1.0053,-0.0099,0.8079,0,,,,
trade_000372,2025-05-26 16:47:09,JPM,170.58,1061,0.2042,55.81,-0.5181,0.5089,885864137758,26.05,1.0507,-0.0019,0.929,0.0165,0.4928,1.2579,-0.0096,1.2867,0,,,,
trade_000373,2025-06-12 02:11:35,XOM,183.09,41362,0.1093,38.12,-1.0302,0.4916,332428519342,28.88,1.166,0.0152,0.819,0.0513,0.3725,1.2747,0.0099,1.1018,0,,,,
trade_000374,2025-05-27 01:25:36,NFLX,132.84,44190,0.325,43.49,-0.3129,0.4851,864789144890,20.73,1.0926,0.0294,0.6111,-0.0136,0.5119,0.9368,0.0094,0.7225,0,,,,
trade_000375,2025-06-15 21:37:19,KO,134.75,42660,0.1015,48.26,-1.0475,0.5857,254150459307,22.75,1.1093,0.0009,0.9985,0.0408,0.4021,1.1578,0.0031,0.8102,0,,,,
trade_000376,2025-06-20 23:38:31,BAC,187.85,32084,0.3215,45.94,1.4788,0.6862,16244007769,28.1,0.955,-0.0101,0.5248,0.0775,0.3147,1.0413,0.0018,0.8049,0,,,,
trade_000377,2025-05-24 03:02:21,TSLA,278.47,9847,0.2893,35.5,-0.7933,0.3579,489916317470,21.83,1.1203,-0.0095,0.5173,0.0589,0.6716,0.9961,-0.014,1.0657,0,,,,
trade_000378,2025-05-26 04:38:29,PG,176.92,49507,0.3849,56.56,0.6011,0.6222,429379874640,19.35,1.029,0.048,0.5591,0.0923,0.4655,0.8599,0.0099,0.946,0,,,,
trade_000379,2025-05-29 20:17:32,JPM,351.97,31421,0.2756,41.4,1.4702,0.2372,182836637630,31.64,1.1883,-0.0009,0.8457,0.0459,0.5912,1.172,0.0049,1.0817,0,,,,
trade_000380,2025-06-05 14:58:02,BAC,223.61,22103,0.2561,54.34,0.9014,0.6796,896458422023,12.36,0.9241,0.0104,0.7811,0.0108,0.3509,0.8248,0.0155,0.7318,0,,,,
trade_000381,2025-06-08 08:17:44,JPM,188.16,37829,0.2226,46.46,-1.741,0.5802,994944505250,25.2,1.1849,0.0211,0.5681,-0.0701,0.3878,1.2087,0.0136,1.0158,0,,,,
trade_000382,2025-05-31 01:22:00,MSFT,119.81,9028,0.2887,57.92,1.2257,0.796,75657318347,14.72,1.0843,0.0043,0.7934,0.0661,0.6758,0.8669,0.0105,0.9035,0,,,,
trade_000383,2025-06-13 00:29:26,TSLA,130.17,40373,0.3509,46.82,1.8332,0.2995,795662681427,17.06,1.1006,-0.0352,0.507,-0.061,0.335,0.9652,0.0136,1.0398,0,,,,
trade_000384,2025-05-24 02:05:00,NVDA,138.53,47580,0.1496,12.19608158934712,-8,0.6169,792231649616,14.83,1.1624,-0.15,0.5535,-0.0864,0.4632,0.9833,0.0146,1.149,1,unusual_rsi,Extreme RSI: 12.2 (Oversold condition),MACD divergence: -8.00,Strong momentum divergence
trade_000385,2025-06-11 18:37:58,WMT,112.12,47461,0.2665,43.37,-0.3252,0.7081,481193279018,24.38,1.0736,-0.0071,0.5861,-0.0439,0.392,1.0206,-0.0063,1.0102,0,,,,
trade_000386,2025-06-03 18:29:10,NFLX,59.87,14956,0.239,30.95,-0.991,0.2462,111263175238,32.39,1.1403,0.0371,0.7116,0.0157,0.5915,0.8245,-0.0028,0.9919,0,,,,
trade_000387,2025-06-15 06:30:25,NVDA,412.46,13838,0.2355,31.7,-0.6579,0.7327,397131568938,30.6,0.8541,-0.026,0.7549,-0.0355,0.501,1.0935,-0.0143,1.2729,0,,,,
trade_000388,2025-06-15 16:52:17,GOOGL,420.36,4641,0.2423,35.4,0.9906,0.4133,944466368401,25.29,0.8123,0.0058,0.7534,-0.0711,0.4555,1.2231,-0.0102,0.7342,0,,,,
trade_000389,2025-05-30 14:55:10,JPM,115.22,13322,0.3822,50.56,1.0077,0.7319,890137333764,25.89,0.9049,0.0096,0.7426,0.0956,0.5943,1.3528,0.0013,1.057,0,,,,
trade_000390,2025-06-07 01:34:15,NVDA,216.82,43943,0.2341,62.52,-1.4864,0.5458,814030926926,22.39,1.0216,0.0031,0.9886,0.006,0.7,0.9727,0.0125,1.2569,0,,,,
trade_000391,2025-06-15 19:08:23,NVDA,369.07,14842,0.2966,58.78,0.3005,0.7635,377457676069,36.26,0.819,0.0179,0.8018,0.0533,0.5449,0.8939,-0.0086,1.0559,0,,,,
trade_000392,2025-06-20 22:17:18,JNJ,424.28,16968,0.2155,30.41,1.9904,0.2769,844722720241,20.57,1.0868,0.0065,0.8323,-0.0815,0.3495,1.2269,-0.017,0.8671,0,,,,
trade_000393,2025-05-30 19:48:20,PFE,305.31,8764,0.2916,67.23,-1.1205,0.551,398502296756,32.39,0.9919,-0.0245,0.7142,0.0756,0.4638,1.0132,0.0065,1.294,0,,,,
trade_000394,2025-06-08 20:02:03,JNJ,126.3,24468,0.1164,64.81,0.6191,0.673,240028384334,17.58,0.9167,0.0401,0.7206,0.0401,0.5224,1.0129,-0.0044,0.8257,0,,,,
trade_000395,2025-05-29 04:27:46,AAPL,235.5,7273,0.3368,40.23,1.0212,0.4755,712474584609,10.77,1.1407,-0.0437,0.8803,0.0811,0.3856,1.1506,0.007,1.1182,0,,,,
trade_000396,2025-06-21 15:00:17,JPM,419.83,6705,0.2632,32.58,1.5719,0.4368,910300678829,16.45,0.9386,-0.0272,0.7377,-0.0586,0.5457,1.0652,0.0156,1.1409,0,,,,
trade_000397,2025-06-05 10:00:23,KO,365.31,30013,0.3015,59.96,-1.3115,0.7999,906633374647,27.2,1.1005,-0.0038,0.6271,0.1,0.5602,1.2497,-0.0144,1.1136,0,,,,
trade_000398,2025-06-01 16:12:59,NVDA,322.8,47885,0.2593,44.07,1.1386,0.4815,489461115230,16.77,0.8921,-0.0067,0.6605,-0.0128,0.477,1.2923,0.0015,1.1574,0,,,,
trade_000399,2025-06-01 08:13:04,JNJ,146.54,39453,0.3002,48.87,1.1825,0.6666,485548027228,13.2,1.0388,-0.0016,0.954,0.0242,0.5223,1.0878,-0.005,1.2667,0,,,,
trade_000400,2025-05-30 20:55:23,NFLX,150.84,1475,0.2466,33.39,-1.0791,0.6185,201694321205,34.4,0.8176,-0.022,0.7564,0.0412,0.661,1.2878,0.0186,1.1993,0,,,,
trade_000401,2025-06-21 12:43:00,JNJ,373.08,26469,0.1642,34.07,1.7515,0.2292,423999976961,18.7,1.1736,0.0251,0.7212,-0.0502,0.3682,1.0261,-0.0143,1.0322,0,,,,
trade_000402,2025-06-15 10:50:51,WMT,416.51,27256,0.2638,41.08,0.2316,0.6037,732227089352,22.21,1.0349,-0.0294,0.6949,-0.0852,0.3251,0.8875,-0.0047,1.178,0,,,,
trade_000403,2025-05-30 09:00:51,JPM,227.89,26346,0.2967,48.91,-0.0351,0.2572,862632883936,35.88,1.1346,-0.0285,0.5176,0.0864,0.3153,0.8846,-0.016,1.0877,0,,,,
trade_000404,2025-06-22 05:23:06,KO,241.61,27848,0.2194,50.89,-0.1052,0.6133,200106109786,31.54,1.1976,-0.0239,0.5911,-0.0955,0.3408,1.0628,0.0165,0.7283,0,,,,
trade_000405,2025-06-21 01:36:11,PG,299.39,43321,0.3463,52.02,-0.5394,0.7451,402504195798,25.8,0.9412,0.0023,0.9659,-0.0117,0.3904,1.017,0.0086,0.9215,0,,,,
trade_000406,2025-06-01 07:54:41,KO,102.35,24014,0.3961,53.23,1.9847,0.4838,578862772166,22.15,0.832,0.0269,0.8079,0.0547,0.6692,1.2835,-0.0019,0.903,0,,,,
trade_000407,2025-06-13 13:12:22,PFE,445.35,44232,0.2865,51.62,-1.4907,0.5478,601782803295,31.63,0.8344,0.0157,0.9811,-0.0005,0.6748,1.1491,-0.0181,0.7785,0,,,,
trade_000408,2025-05-25 01:51:28,JPM,332.02,4850,0.2854,65.38,-1.0558,0.2048,221037493977,33.72,1.0351,-0.0468,0.06647177441921501,0.4344647877957487,0.4786,1.3005,-0.09755138736063867,0.9334,1,liquidity_crisis,Liquidity crisis: ratio 0.066,Order book imbalance: 43.4%,"Low volume: 4,850 shares"
trade_000409,2025-05-27 22:51:51,JNJ,102.37,30268,0.3816,64.81,1.3487,0.5218,123405413435,11.08,0.9802,-0.0238,0.7434,-0.0321,0.356,0.9742,-0.0132,1.1111,0,,,,
trade_000410,2025-06-18 03:17:53,KO,292.78,15584,0.163,43.25,-1.701,0.2207,426922545375,22.27,1.0674,0.0441,0.845,-0.0226,0.5992,0.855,0.0142,1.1368,0,,,,
trade_000411,2025-06-13 19:04:53,MSFT,284.79,36444,0.2125,43.03,1.5196,0.4599,493493041775,28.64,1.196,0.0311,0.8298,0.0484,0.6776,1.2191,0.0087,1.0046,0,,,,
trade_000412,2025-05-27 15:58:50,BAC,339.5,5195,0.2715,38.09,0.7923,0.3174,808907893223,38.26,1.1102,0.0268,0.8171,0.0449,0.5226,1.3199,0.0152,1.2882,0,,,,
trade_000413,2025-06-07 00:22:54,JNJ,422.93,34344,0.3997,55.75,1.5916,0.3802,404081996215,23.38,1.1522,-0.0411,0.8832,-0.0499,0.5693,1.2536,0.0083,0.9138,0,,,,
trade_000414,2025-06-06 01:32:23,XOM,448.41,32318,0.1384,55.02,-0.4943,0.2582,931533516553,29.88,1.0083,0.0196,0.6193,0.0113,0.6992,1.2827,0.004,1.0587,0,,,,
trade_000415,2025-06-09 02:53:24,AAPL,268.38,41743,0.1381,49.51,0.5493,0.7123,789144730017,10.8,0.8045,-0.0131,0.6262,-0.0403,0.6853,1.2864,0.0152,0.8019,0,,,,
trade_000416,2025-05-26 03:50:01,JNJ,60.96,38394,0.1472,32.32,-1.0089,0.677,243389530843,38.78,0.9824,0.0379,0.9611,-0.0149,0.3538,1.2003,-0.0102,1.0675,0,,,,
trade_000417,2025-05-28 17:26:15,AAPL,666.84,50845,0.2768,35.26,-0.2236,0.2398,766539389379,20.06,0.8884,0.03,0.6037,-0.0163,0.3732,1.106,0.0135,0.9883,1,price_spike,Extreme price spike: 86.3% increase,"Volume surge accompanying price movement: 50,845 shares",Volatility spike detected
trade_000418,2025-06-16 12:43:05,NVDA,241.71,4718,0.3948,44.0,1.9081,0.6176,836662254151,24.18,0.9375,-0.0277,0.6114,-0.0034,0.6613,0.9778,-0.0173,1.2712,0,,,,
trade_000419,2025-06-10 12:54:35,PFE,222.49,9967,0.3474,68.74,1.5365,0.7437,663912380840,18.79,0.9999,0.0086,0.6055,-0.0436,0.6249,0.8471,0.006,1.1,0,,,,
trade_000420,2025-06-07 20:01:37,KO,380.54,48093,0.298,42.92,1.7072,0.6715,432394689689,23.88,1.011,0.0231,0.7925,-0.001,0.6597,0.9433,-0.0061,0.8058,0,,,,
trade_000421,2025-06-06 06:06:52,GOOGL,151.54,39846,0.3382,56.67,1.0146,0.5192,614720845017,27.42,1.0063,-0.0498,0.8475,0.0739,0.3217,0.9817,0.0093,1.0607,0,,,,
trade_000422,2025-05-27 16:20:39,GOOGL,91.06,26140,0.202,64.24,-1.6338,0.2886,460795164249,10.59,1.1268,0.0276,0.968,0.0082,0.6595,1.0722,-0.0085,1.0407,0,,,,
trade_000423,2025-06-10 23:00:15,KO,346.21,44466,0.2382,54.01,-0.1512,0.4205,562738690810,31.67,1.1303,0.0416,0.5052,-0.0652,0.4811,1.2778,-0.0192,0.9949,0,,,,
trade_000424,2025-06-22 12:25:49,PG,182.83,37765,0.3462,35.28,-0.8521,0.2489,208245106262,31.06,1.1484,-0.0205,0.9611,0.0673,0.4429,1.2308,0.0085,1.2734,0,,,,
trade_000425,2025-06-17 18:52:19,AAPL,220.03,42106,0.198,41.29,1.9844,0.753,358328982038,13.04,1.1108,0.0024,0.8677,-0.0017,0.4716,1.2151,-0.0007,1.1467,0,,,,
trade_000426,2025-06-03 08:53:13,JNJ,85.08,40001,0.1278,69.38,-0.1392,0.3947,343810396088,28.29,1.0073,-0.0488,0.8124,0.018,0.5683,0.954,-0.0173,0.8599,0,,,,
trade_000427,2025-06-18 02:40:10,JPM,307.37,5402,0.207,68.6,-0.0352,0.2169,137844069538,17.62,0.8745,-0.0429,0.7767,0.0184,0.5368,1.0553,0.0008,1.2912,0,,,,
trade_000428,2025-06-11 03:27:29,GOOGL,237.28,32693,0.3608,52.36,-0.3415,0.3916,382131731316,38.66,1.1114,-0.0081,0.811,0.013,0.4286,0.8437,-0.0122,1.1813,0,,,,
trade_000429,2025-06-12 02:21:47,AMZN,421.01,2744,0.3113,69.58,0.188,0.7463,851002210494,18.15,0.8907,0.0454,0.8257,0.0445,0.4266,1.2229,0.0073,1.0962,0,,,,
trade_000430,2025-06-01 10:35:50,BAC,335.87,28441,0.2773,45.18,0.4522,0.492,452531211196,10.1,1.0442,-0.0284,0.7053,-0.0275,0.4572,0.9996,0.0101,1.0725,0,,,,
trade_000431,2025-06-15 01:05:53,TSLA,84.61,47665,0.2273,51.22,1.3364,0.7267,120312792038,11.04,0.9995,-0.0481,0.9235,0.0267,0.509,1.3141,-0.0006,0.7572,0,,,,
trade_000432,2025-05-30 14:25:05,XOM,360.81,11330,0.2588,58.59,-0.8628,0.4134,967196835411,23.16,0.9777,-0.0125,0.9293,-0.0795,0.542,0.809,-0.0113,1.2847,0,,,,
trade_000433,2025-06-16 02:13:38,GOOGL,143.52,8273,0.3025,52.69,0.4249,0.3586,866253290082,38.38,0.9642,-0.011,0.6402,-0.0413,0.3092,1.3406,-0.0075,0.7948,0,,,,
trade_000434,2025-06-04 20:07:28,NVDA,415.2,43215,0.1703,67.74,-1.3278,0.5221,102382052296,19.07,0.9016,0.0356,0.998,0.0781,0.3405,1.1013,0.014,1.1363,0,,,,
trade_000435,2025-05-28 23:28:33,KO,321.88,1958,0.1099,50.6,0.8835,0.6615,574613683581,38.87,1.0055,0.0346,0.6828,0.0442,0.4723,1.363,-0.0031,0.8191,0,,,,
trade_000436,2025-06-17 11:26:54,JNJ,61.68,16224,0.3243,56.01,0.2719,0.2899,994665003106,36.05,1.1029,0.0045,0.703,0.1,0.6942,1.0303,-0.0182,0.9916,0,,,,
trade_000437,2025-05-24 13:52:19,KO,181.16,7420,0.1351,50.59,1.6938,0.6649,378266270614,15.99,0.9422,0.0302,0.7298,0.0568,0.6125,1.2707,-0.0036,1.0084,0,,,,
trade_000438,2025-06-19 03:11:23,JNJ,95.38,11159,0.137,48.53,0.0899,0.2633,867303629417,35.91,0.8025,-0.0167,0.8578,0.0694,0.4,1.0641,0.008,0.891,0,,,,
trade_000439,2025-05-24 02:26:31,JPM,383.45,11060,0.32,59.16,-1.2939,0.4451,850363228927,27.3,0.9701,-0.0043,0.7241,0.0137,0.3918,1.1707,0.0183,1.2161,0,,,,
trade_000440,2025-06-03 23:23:35,AMZN,312.15,19440,0.3321,42.18,0.21,0.437,821235669837,37.83,0.9977,-0.0163,0.7602,0.0112,0.4454,0.8287,0.0194,0.9905,0,,,,
trade_000441,2025-05-27 17:22:55,PG,455.23,50643,0.3649,38.02,0.0877,0.4975,151128317975,38.62,0.9266,-0.0099,0.8487,0.0371,0.4528,0.8845,-0.012,0.9491,0,,,,
trade_000442,2025-06-13 05:25:21,NFLX,150.64,7027,0.3454,41.36,-0.7269,0.4254,301778330907,21.82,0.9843,-0.0431,0.8851,0.0968,0.5374,1.2319,-0.0108,1.0555,0,,,,
trade_000443,2025-06-14 18:45:17,KO,73.13,40951,0.3598,63.6,-1.4065,0.3429,993968559628,21.23,1.011,-0.0027,0.934,0.0044,0.6857,1.0986,-0.0147,0.8588,0,,,,
trade_000444,2025-06-21 09:53:53,JPM,133.54,21709,0.1004,64.35,-0.3537,0.6426,728021161530,10.83,0.9704,-0.0202,0.6294,-0.0964,0.3046,1.1202,0.0102,0.9604,0,,,,
trade_000445,2025-06-01 11:29:59,META,300.26,11423,0.1383,54.82,-1.9203,0.7205,824469737901,35.45,0.9543,0.0465,0.669,-0.0083,0.3358,0.8526,0.0012,0.9248,0,,,,
trade_000446,2025-05-29 17:56:34,PFE,384.07,39791,0.1664,69.28,-1.7815,0.4228,954722222154,32.35,1.0436,0.008,0.5634,-0.0901,0.5884,0.8565,0.005,0.7571,0,,,,
trade_000447,2025-06-14 12:22:28,NVDA,72.4,21350,0.1807,38.25,-0.6082,0.3926,220775862408,21.57,0.9929,-0.0431,0.7069,0.0973,0.4426,1.3917,-0.0179,1.0783,0,,,,
trade_000448,2025-06-10 11:24:19,NFLX,112.18,40232,0.3544,69.16,-1.6857,0.7936,488039348184,14.09,1.0082,0.0404,0.9729,0.0058,0.3629,0.9283,-0.016,1.2816,0,,,,
trade_000449,2025-06-18 07:24:02,JPM,93.59,49257,0.3627,39.58,1.4543,0.675,497028505454,19.62,0.9947,0.0441,0.503,0.0035,0.4768,1.2731,-0.0007,1.1162,0,,,,
trade_000450,2025-06-13 12:18:43,NVDA,200.89,13175,0.3344,32.75,-1.1047,0.7873,637703339533,35.8,1.0175,0.0357,0.7459,0.045,0.6603,0.9743,-0.0034,0.8296,0,,,,
trade_000451,2025-06-01 23:43:43,JPM,442.32,32531,0.2255,30.65,0.5338,0.6242,91779136026,20.39,0.9774,0.0284,0.938,0.0724,0.6352,1.1035,-0.004,0.8342,0,,,,
trade_000452,2025-06-06 20:35:46,MSFT,311.43,30051,0.3491,47.93,-0.9037,0.3711,315884317099,39.24,0.8284,0.0108,0.8864,-0.0958,0.5167,1.1115,0.0029,1.024,0,,,,
trade_000453,2025-06-03 15:05:37,PG,55.78,29709,0.2313,65.34,-0.5809,0.7811,463874991846,34.73,0.9434,-0.0011,0.697,0.0909,0.3507,1.0569,-0.0096,1.2224,0,,,,
trade_000454,2025-06-09 07:18:55,TSLA,418.4,41171,0.2084,41.86,-1.7698,0.7053,819432204003,27.31,1.0146,-0.0388,0.8883,-0.0423,0.4899,1.0895,0.0198,1.2758,0,,,,
trade_000455,2025-06-20 09:55:21,KO,355.68,7356,0.2403,44.03,0.1295,0.4571,465496687129,31.47,0.8928,0.0461,0.6693,0.0712,0.3947,0.9336,-0.0186,1.0779,0,,,,
trade_000456,2025-06-15 00:37:48,TSLA,159.63,5853,0.348,44.91,1.6453,0.7414,33078838581,16.83,1.152,-0.0491,0.6048,0.0483,0.494,0.8342,0.0113,0.8542,0,,,,
trade_000457,2025-06-16 03:10:46,PFE,284.11,19854,0.2335,61.27,0.0233,0.5918,737885834116,39.68,1.1658,0.0035,0.5642,0.0024,0.5258,0.818,-0.013,0.8127,0,,,,
trade_000458,2025-05-31 05:02:18,NVDA,281.64,36682,0.3278,63.22,1.345,0.3889,492191536990,29.15,1.1197,0.0023,0.8506,-0.065,0.5262,1.1068,-0.002,1.1283,0,,,,
trade_000459,2025-06-09 18:02:18,AAPL,128.38,29687,0.3062,63.93,1.9681,0.6578,529963212332,20.46,0.9669,0.0224,0.8374,0.0558,0.5816,0.9301,0.0064,1.2502,0,,,,
trade_000460,2025-06-09 14:02:08,JPM,135.96,12394,0.3716,37.62,0.6559,0.7306,361086455996,24.26,0.8483,-0.0466,0.6276,-0.0312,0.5833,1.28,0.0138,1.1793,0,,,,
trade_000461,2025-05-27 09:17:48,NFLX,71.61,4392,0.2441,46.99,1.8622,0.4121,906355566891,35.69,0.9128,-0.0407,0.8442,-0.0581,0.4182,1.1865,0.0037,0.8713,0,,,,
trade_000462,2025-06-06 10:44:26,MSFT,180.41,24831,0.3971,45.51,1.4927,0.2484,457192105846,34.04,1.0063,-0.0246,0.6759,-0.0289,0.3782,0.9373,-0.0151,1.0842,0,,,,
trade_000463,2025-05-28 01:15:52,BAC,300.13,22348,0.1954,64.65,0.9273,0.6897,483545095202,18.37,0.8416,0.0278,0.9996,0.0186,0.3724,1.0216,-0.0037,1.173,0,,,,
trade_000464,2025-06-03 15:50:18,WMT,330.66,50622,0.3196,31.0,-1.9715,0.7911,464050689538,29.12,0.8498,-0.0135,0.6072,-0.0099,0.6975,1.3954,-0.013,1.1526,0,,,,
trade_000465,2025-06-07 01:01:13,NVDA,317.09,7522,0.2921,61.76,1.0321,0.612,25809284083,16.78,1.1936,0.0295,0.8896,0.0707,0.3809,1.2113,0.0148,1.1004,0,,,,
trade_000466,2025-06-11 20:01:54,META,120.46,6346,0.1333,34.81,-0.4054,0.3081,979824040192,37.14,0.945,0.0141,0.982,0.032,0.6861,0.8348,0.0191,1.0507,0,,,,
trade_000467,2025-05-31 03:33:41,JNJ,192.08,12579,0.3769,42.73,1.3352,0.705,688635855933,26.4,1.0673,-0.0052,0.9219,0.0215,0.3324,1.0391,0.0042,1.053,0,,,,
trade_000468,2025-06-18 04:35:24,TSLA,191.75,49258,0.2802,63.97,0.6839,0.3021,247195818726,27.66,1.1011,0.0262,0.8934,0.0234,0.5942,0.8175,-0.0135,0.9395,0,,,,
trade_000469,2025-06-04 06:22:54,META,297.71,16042,0.1626,61.51,-1.123,0.3679,833733280246,16.23,0.9238,0.0368,0.689,-0.0978,0.528,0.8622,-0.0147,0.7325,0,,,,
trade_000470,2025-06-05 04:00:47,JNJ,430.92,14128,0.1587,40.61,-1.7666,0.638,544427837837,15.52,1.1107,-0.0043,0.8917,0.0982,0.4995,1.0511,-0.016,1.1659,0,,,,
trade_000471,2025-06-16 23:18:14,KO,246.94,9968,0.1876,58.22,-0.9144,0.688,269324626530,33.09,1.0591,-0.0236,0.8654,-0.071,0.4347,0.853,-0.0091,1.0944,0,,,,
trade_000472,2025-05-31 04:54:14,META,191.16,7509,0.1434,69.61,0.1105,0.6716,605106617323,32.36,1.0108,0.046,0.6937,-0.0361,0.5837,1.3831,-0.0154,1.0225,0,,,,
trade_000473,2025-06-17 21:59:54,JNJ,290.98,7772,0.3092,61.3,-1.6261,0.5118,487264899120,25.97,0.9345,-0.0228,0.9606,-0.0619,0.3318,1.3217,-0.0139,0.9852,0,,,,
trade_000474,2025-06-07 13:35:23,PFE,424.92,3094,0.1336,37.88,0.3254,0.6511,787756707135,13.65,1.0329,0.0262,0.6345,0.0136,0.3786,0.9475,-0.0191,1.057,0,,,,
trade_000475,2025-05-31 00:56:36,PG,85.67,26918,0.1286,64.76,-0.7964,0.358,245568795242,31.42,1.0994,-0.0369,0.7099,-0.0302,0.3122,1.2082,0.0068,1.2748,0,,,,
trade_000476,2025-06-22 16:51:49,PG,89.15,23144,0.1011,31.38,0.9354,0.628,878454594315,34.77,1.043,0.0281,0.5602,0.0286,0.4914,1.0378,-0.0,0.7034,0,,,,
trade_000477,2025-06-04 05:51:02,PG,355.8,28727,0.2225,61.35,-0.44,0.6177,208276656121,13.22,0.874,-0.0035,0.7134,0.0087,0.4632,1.1308,-0.0022,0.7524,0,,,,
trade_000478,2025-06-19 22:20:55,BAC,84.13,1088,0.3201,52.91,-1.569,0.7285,82779952156,32.74,0.804,-0.0168,0.647,-0.0208,0.6735,1.3247,-0.008,1.24,0,,,,
trade_000479,2025-06-12 09:32:10,NFLX,133.66,34704,0.3914,37.27,-1.5935,0.6857,871446765589,26.48,1.1352,0.0131,0.6812,0.0667,0.4173,1.0167,-0.0139,1.146,0,,,,
trade_000480,2025-06-05 14:49:11,JPM,69.65,33686,0.1241,52.94,-1.4538,0.6887,896996485273,37.75,1.0964,0.0481,0.6873,0.0483,0.6963,0.8734,-0.0064,1.2876,0,,,,
trade_000481,2025-06-02 15:57:00,NVDA,181.82,20372,0.1201,40.02,-0.7024,0.7877,789536599937,27.72,0.8939,-0.0246,0.6503,0.0782,0.41,1.0435,0.0146,1.0431,0,,,,
trade_000482,2025-06-13 04:36:03,WMT,227.63,35877,0.2262,62.41,1.6513,0.5667,510874481005,16.76,1.107,-0.0266,0.5205,-0.0215,0.3446,0.9955,0.0063,0.8503,0,,,,
trade_000483,2025-06-19 11:48:34,WMT,385.23,20787,0.1609,49.82,1.555,0.3551,82155877843,20.2,1.0469,0.0494,0.7123,0.0063,0.5737,1.0256,0.0114,1.0127,0,,,,
trade_000484,2025-05-30 08:17:54,PFE,315.11,28895,0.298,52.09,-0.6821,0.2077,852580343278,13.97,0.8973,0.0038,0.7856,0.0807,0.6125,1.3151,0.0002,1.2226,0,,,,
trade_000485,2025-06-13 14:33:21,XOM,365.09,7521,0.1326,60.5,1.423,0.3807,19596821128,29.11,0.9064,0.0452,0.5025,0.0599,0.4275,0.884,-0.0174,0.9497,0,,,,
trade_000486,2025-06-12 07:15:48,AMZN,152.23,40639,0.2878,30.19,0.236,0.6406,372147041897,21.27,0.8263,-0.0457,0.8133,0.0393,0.3267,1.1341,0.0163,1.1026,0,,,,
trade_000487,2025-06-02 09:26:48,PG,250.24,23734,0.1033,66.19,1.73316265735202,0.6602,469883018409,19.13,0.9203,0.09874730963795386,0.7847,-0.0978,0.11566246133644965,2.7535387778523788,-0.0097,1.0866,1,momentum_anomaly,Extreme momentum: 9.9%,MACD anomaly: 1.73,Low market correlation: 0.116
trade_000488,2025-05-26 18:17:08,MSFT,156.6,24440,0.3353,55.58,0.3065,0.5929,441607299063,38.68,1.1534,0.0435,0.7703,0.0291,0.4421,0.9289,-0.0168,1.2166,0,,,,
trade_000489,2025-06-16 02:53:30,GOOGL,70.7,44786,0.3086,42.23,0.3697,0.3879,698983105780,26.21,0.8458,-0.0172,0.5837,0.0147,0.3821,1.3525,-0.0185,1.0994,0,,,,
trade_000490,2025-05-31 18:57:38,XOM,145.61,39455,0.2838,60.39,-1.8124,0.2826,921853833878,37.96,1.1408,0.0441,0.8827,0.0189,0.3036,1.0308,0.0024,0.8779,0,,,,
trade_000491,2025-06-04 17:04:17,TSLA,116.35,9850,0.1336,47.93,-0.7254,0.4852,317001484488,34.02,1.0574,0.0274,0.7278,0.0366,0.3126,0.8987,-0.0157,0.7683,0,,,,
trade_000492,2025-06-03 19:04:10,AAPL,136.73,20022,0.171,45.35,-0.2848,0.4138,404666933742,39.64,1.1987,-0.0252,0.5367,0.0892,0.4394,1.0487,-0.0076,0.713,0,,,,
trade_000493,2025-06-04 23:25:48,MSFT,187.89,984578,0.22260000000000002,45.99,1.0296,0.5138,787060536564,18.6,1.0594,-0.002,0.26861999999999997,-0.0646,0.4291,0.9364,-0.0189,0.926,1,volume_surge,Massive volume surge: 21.7x normal volume,"Total volume: 984,578 shares",Liquidity strain detected
trade_000494,2025-05-29 08:30:06,PG,223.68,48228,0.1108,32.36,-0.377,0.6795,529947039596,32.7,0.8682,-0.019,0.9456,-0.0877,0.4735,0.8838,0.0169,0.9416,0,,,,
trade_000495,2025-05-25 03:15:58,NFLX,193.49,31013,0.1438,34.86,0.3325,0.4839,387980308984,27.57,1.1251,0.0447,0.6606,0.0322,0.58,1.28,0.0043,1.0986,0,,,,
trade_000496,2025-06-21 04:25:37,XOM,288.58,26690,0.1182,66.61,-0.5333,0.7243,56496077605,19.63,0.8992,0.0193,0.6851,0.029,0.5739,0.8864,0.0009,1.1559,0,,,,
trade_000497,2025-06-19 15:03:44,META,81.68,25011,0.1554,34.8,-1.1526,0.7732,675151303329,29.35,1.0975,-0.048,0.9006,0.0136,0.3882,1.2798,0.0107,1.1263,0,,,,
trade_000498,2025-05-28 08:42:23,MSFT,422.86,28895,0.1038,39.05,-1.2347,0.7246,673550041121,35.07,0.8617,0.0394,0.7027,0.0793,0.3487,0.9516,0.013,0.8203,0,,,,
trade_000499,2025-06-22 17:13:51,WMT,87.95,37053,0.1083,59.85,-0.8156,0.6776,3197977247,21.02,1.152,0.011,0.7439,0.0336,0.3294,1.2337,-0.0185,1.0289,0,,,,
